Paises,Year,Sexo,Cantidad de casos,Promedio de Prevalence BMI ≥25 kg/m² (overweight and obesity),Promedio de Prevalence of BMI >=40 kg/m²(morbid obesity),Promedio de Prevalence of BMI>=30 kg/m² (obesity),Promedio de Prevalence of BMI>=35 kg/m² (severe obesity),Promedio de Gasto actual en salud
Antigua y Barbuda,2000,Femenino,76024143476,40.62%,1.12%,13.07%,3.69%,4.72%
Antigua y Barbuda,2000,Masculino,7224761175,40.62%,1.12%,13.07%,3.69%,4.72%
Argentina,2000,Femenino,42962589260269,56.01%,1.10%,21.42%,5.68%,8.22%
Argentina,2000,Masculino,47051986602088,56.01%,1.10%,21.42%,5.68%,8.22%
Bahamas,2000,Femenino,254064527107,57.06%,2.75%,24.32%,8.37%,3.80%
Bahamas,2000,Masculino,254935276143,57.06%,2.75%,24.32%,8.37%,3.80%
Barbados,2000,Femenino,480393560737,43.31%,1.69%,15.53%,4.91%,5.33%
Barbados,2000,Masculino,366801625084,43.31%,1.69%,15.53%,4.91%,5.33%
Belice,2000,Femenino,141005979043,46.64%,1.82%,17.03%,5.40%,2.98%
Belice,2000,Masculino,180167539557,46.64%,1.82%,17.03%,5.40%,2.98%
"Bolivia, Estado Plurinacional de",2000,Femenino,6504512553429,47.08%,0.54%,13.53%,2.62%,4.40%
"Bolivia, Estado Plurinacional de",2000,Masculino,6041499178175,47.08%,0.54%,13.53%,2.62%,4.40%
Brasil,2000,Femenino,141978615738094,47.43%,0.68%,14.98%,3.54%,8.33%
Brasil,2000,Masculino,158638215967335,47.43%,0.68%,14.98%,3.54%,8.33%
Canadá,2000,Femenino,37878216909404,57.28%,1.87%,21.21%,6.28%,8.25%
Canadá,2000,Masculino,37520247439203,57.28%,1.87%,21.21%,6.28%,8.25%
Chile,2000,Femenino,11070479009564,56.00%,1.25%,21.25%,5.36%,7.00%
Chile,2000,Masculino,11349983611075,56.00%,1.25%,21.25%,5.36%,7.00%
Colombia,2000,Femenino,24832983064967,51.02%,0.55%,15.74%,3.05%,5.64%
Colombia,2000,Masculino,23489779994438,51.02%,0.55%,15.74%,3.05%,5.64%
Costa Rica,2000,Femenino,2092412351424,49.18%,1.01%,15.46%,3.56%,6.56%
Costa Rica,2000,Masculino,2610296397474,49.18%,1.01%,15.46%,3.56%,6.56%
Cuba,2000,Femenino,14696114007742,50.48%,1.49%,18.03%,5.23%,6.58%
Cuba,2000,Masculino,16328453712887,50.48%,1.49%,18.03%,5.23%,6.58%
Ecuador,2000,Femenino,5624021086129,47.70%,0.46%,13.68%,2.49%,3.33%
Ecuador,2000,Masculino,5957717494498,47.70%,0.46%,13.68%,2.49%,3.33%
El Salvador,2000,Femenino,2708509541302,49.66%,0.66%,15.73%,3.30%,7.84%
El Salvador,2000,Masculino,2787660087777,49.66%,0.66%,15.73%,3.30%,7.84%
Estados Unidos de América,2000,Femenino,497606241116649,60.31%,3.93%,26.34%,10.06%,12.49%
Estados Unidos de América,2000,Masculino,433286860221503,60.31%,3.93%,26.34%,10.06%,12.49%
Granada,2000,Femenino,114397699319,41.57%,1.21%,13.75%,3.98%,5.36%
Granada,2000,Masculino,150201439218,41.57%,1.21%,13.75%,3.98%,5.36%
Guatemala,2000,Femenino,4634370861298,45.91%,0.52%,13.27%,2.66%,5.40%
Guatemala,2000,Masculino,4652135734687,45.91%,0.52%,13.27%,2.66%,5.40%
Guyana,2000,Femenino,844525544182,39.22%,0.98%,12.46%,3.54%,3.19%
Guyana,2000,Masculino,1003077119114,39.22%,0.98%,12.46%,3.54%,3.19%
Haití,2000,Femenino,1253422208297,38.73%,0.59%,11.21%,2.66%,3.99%
Haití,2000,Masculino,8692255562496,38.73%,0.59%,11.21%,2.66%,3.99%
Honduras,2000,Femenino,4124701845097,44.75%,0.57%,13.07%,2.68%,6.27%
Honduras,2000,Masculino,2813281210619,44.75%,0.57%,13.07%,2.68%,6.27%
Jamaica,2000,Femenino,2119937407288,45.06%,1.65%,16.43%,5.01%,5.64%
Jamaica,2000,Masculino,2053914412273,45.06%,1.65%,16.43%,5.01%,5.64%
México,2000,Femenino,49218312069493,57.29%,1.29%,21.30%,5.53%,4.45%
México,2000,Masculino,47899769408714,57.29%,1.29%,21.30%,5.53%,4.45%
Nicaragua,2000,Femenino,2852790849893,49.34%,0.99%,16.05%,3.84%,5.24%
Nicaragua,2000,Masculino,2439738221669,49.34%,0.99%,16.05%,3.84%,5.24%
Panamá,2000,Femenino,1493488147021,50.01%,0.87%,15.32%,3.48%,7.24%
Panamá,2000,Masculino,1749591782926,50.01%,0.87%,15.32%,3.48%,7.24%
Paraguay,2000,Femenino,2615756873653,43.63%,0.64%,12.87%,2.90%,6.02%
Paraguay,2000,Masculino,2804156619249,43.63%,0.64%,12.87%,2.90%,6.02%
Perú,2000,Femenino,8486799550238,49.68%,0.39%,14.04%,2.40%,4.41%
Perú,2000,Masculino,7226668401132,49.68%,0.39%,14.04%,2.40%,4.41%
República Dominicana,2000,Femenino,3563844905315,47.73%,1.25%,16.72%,4.66%,4.88%
República Dominicana,2000,Masculino,543306961369,47.73%,1.25%,16.72%,4.66%,4.88%
San Vicente y las Granadinas,2000,Femenino,140679400649,44.28%,1.41%,15.23%,4.54%,3.98%
San Vicente y las Granadinas,2000,Masculino,114866069571,44.28%,1.41%,15.23%,4.54%,3.98%
Santa Lucía,2000,Femenino,169169365437,40.16%,1.20%,13.31%,3.72%,4.87%
Santa Lucía,2000,Masculino,186697074969,40.16%,1.20%,13.31%,3.72%,4.87%
Surinam,2000,Femenino,426992247858,51.15%,2.09%,19.57%,6.42%,5.87%
Surinam,2000,Masculino,495939939531,51.15%,2.09%,19.57%,6.42%,5.87%
Trindad y Tobago,2000,Femenino,154235028108,35.68%,1.10%,10.90%,3.14%,4.23%
Trindad y Tobago,2000,Masculino,1752905681681,35.68%,1.10%,10.90%,3.14%,4.23%
Uruguay,2000,Femenino,5414591958318,55.71%,1.60%,21.14%,5.88%,9.21%
Uruguay,2000,Masculino,5177807640219,55.71%,1.60%,21.14%,5.88%,9.21%
"Venezuela, República Bolivariana de",2000,Femenino,13906761372776,57.79%,0.91%,20.14%,4.70%,
"Venezuela, República Bolivariana de",2000,Masculino,16952777539886,57.79%,0.91%,20.14%,4.70%,
Antigua y Barbuda,2001,Femenino,76183012817,41.17%,1.19%,13.42%,3.86%,5.44%
Antigua y Barbuda,2001,Masculino,66375988275,41.17%,1.19%,13.42%,3.86%,5.44%
Argentina,2001,Femenino,44713126659275,56.56%,1.16%,21.87%,5.89%,8.37%
Argentina,2001,Masculino,47637590263198,56.56%,1.16%,21.87%,5.89%,8.37%
Bahamas,2001,Femenino,269221075569,57.68%,2.87%,24.81%,8.65%,3.92%
Bahamas,2001,Masculino,281152353902,57.68%,2.87%,24.81%,8.65%,3.92%
Barbados,2001,Femenino,486301153269,44.02%,1.79%,16.01%,5.15%,5.53%
Barbados,2001,Masculino,346530242122,44.02%,1.79%,16.01%,5.15%,5.53%
Belice,2001,Femenino,127628996918,47.30%,1.92%,17.50%,5.65%,3.49%
Belice,2001,Masculino,147926339596,47.30%,1.92%,17.50%,5.65%,3.49%
"Bolivia, Estado Plurinacional de",2001,Femenino,6521639446224,47.78%,0.57%,13.94%,2.76%,4.83%
"Bolivia, Estado Plurinacional de",2001,Masculino,607271520992,47.78%,0.57%,13.94%,2.76%,4.83%
Brasil,2001,Femenino,142523489903245,48.19%,0.72%,15.47%,3.73%,8.55%
Brasil,2001,Masculino,160578843734551,48.19%,0.72%,15.47%,3.73%,8.55%
Canadá,2001,Femenino,37332294446737,57.93%,2.00%,21.81%,6.60%,8.62%
Canadá,2001,Masculino,3661286513858,57.93%,2.00%,21.81%,6.60%,8.62%
Chile,2001,Femenino,11411778529276,56.59%,1.32%,21.71%,5.57%,7.10%
Chile,2001,Masculino,11567003480223,56.59%,1.32%,21.71%,5.57%,7.10%
Colombia,2001,Femenino,24994159190329,51.67%,0.59%,16.15%,3.20%,5.94%
Colombia,2001,Masculino,2336292473043,51.67%,0.59%,16.15%,3.20%,5.94%
Costa Rica,2001,Femenino,2277614045117,50.09%,1.10%,16.06%,3.80%,6.47%
Costa Rica,2001,Masculino,2563290256059,50.09%,1.10%,16.06%,3.80%,6.47%
Cuba,2001,Femenino,1533632912173,51.12%,1.57%,18.46%,5.44%,6.98%
Cuba,2001,Masculino,16473837739147,51.12%,1.57%,18.46%,5.44%,6.98%
Ecuador,2001,Femenino,5698435182883,48.37%,0.49%,14.09%,2.62%,3.76%
Ecuador,2001,Masculino,6166496028589,48.37%,0.49%,14.09%,2.62%,3.76%
El Salvador,2001,Femenino,2817443282512,50.54%,0.72%,16.31%,3.52%,7.89%
El Salvador,2001,Masculino,270891820498,50.54%,0.72%,16.31%,3.52%,7.89%
Estados Unidos de América,2001,Femenino,490800050583098,61.04%,4.16%,27.08%,10.54%,13.17%
Estados Unidos de América,2001,Masculino,425299074991911,61.04%,4.16%,27.08%,10.54%,13.17%
Granada,2001,Femenino,117225923816,42.33%,1.29%,14.22%,4.20%,5.62%
Granada,2001,Masculino,157585221162,42.33%,1.29%,14.22%,4.20%,5.62%
Guatemala,2001,Femenino,4631118529841,46.65%,0.56%,13.72%,2.82%,6.07%
Guatemala,2001,Masculino,4756427604528,46.65%,0.56%,13.72%,2.82%,6.07%
Guyana,2001,Femenino,813703814171,39.89%,1.05%,12.87%,3.73%,3.06%
Guyana,2001,Masculino,923257381265,39.89%,1.05%,12.87%,3.73%,3.06%
Haití,2001,Femenino,12789523764113,39.68%,0.65%,11.75%,2.87%,3.75%
Haití,2001,Masculino,8711142540537,39.68%,0.65%,11.75%,2.87%,3.75%
Honduras,2001,Femenino,4263310390216,45.55%,0.62%,13.54%,2.85%,5.93%
Honduras,2001,Masculino,2913240474951,45.55%,0.62%,13.54%,2.85%,5.93%
Jamaica,2001,Femenino,2205991688249,45.81%,1.75%,16.92%,5.25%,5.16%
Jamaica,2001,Masculino,2024735794585,45.81%,1.75%,16.92%,5.25%,5.16%
México,2001,Femenino,4979415006825,57.93%,1.36%,21.80%,5.76%,4.82%
México,2001,Masculino,49068726182445,57.93%,1.36%,21.80%,5.76%,4.82%
Nicaragua,2001,Femenino,3030663397452,50.02%,1.06%,16.51%,4.03%,5.48%
Nicaragua,2001,Masculino,2544254591696,50.02%,1.06%,16.51%,4.03%,5.48%
Panamá,2001,Femenino,1572539986484,50.82%,0.94%,15.85%,3.69%,7.17%
Panamá,2001,Masculino,1934797083741,50.82%,0.94%,15.85%,3.69%,7.17%
Paraguay,2001,Femenino,2618406583139,44.43%,0.69%,13.35%,3.08%,5.61%
Paraguay,2001,Masculino,2658729437021,44.43%,0.69%,13.35%,3.08%,5.61%
Perú,2001,Femenino,8183370204902,50.29%,0.42%,14.40%,2.51%,4.72%
Perú,2001,Masculino,7173262350024,50.29%,0.42%,14.40%,2.51%,4.72%
República Dominicana,2001,Femenino,3730380681125,48.64%,1.34%,17.33%,4.93%,4.88%
República Dominicana,2001,Masculino,5359169928753,48.64%,1.34%,17.33%,4.93%,4.88%
San Vicente y las Granadinas,2001,Femenino,132738342904,45.08%,1.51%,15.75%,4.78%,4.00%
San Vicente y las Granadinas,2001,Masculino,119027764776,45.08%,1.51%,15.75%,4.78%,4.00%
Santa Lucía,2001,Femenino,171399496586,40.78%,1.27%,13.71%,3.91%,5.12%
Santa Lucía,2001,Masculino,195691916906,40.78%,1.27%,13.71%,3.91%,5.12%
Surinam,2001,Femenino,455524368472,51.78%,2.19%,20.02%,6.66%,3.82%
Surinam,2001,Masculino,5295861493,51.78%,2.19%,20.02%,6.66%,3.82%
Trindad y Tobago,2001,Femenino,1526220491272,36.46%,1.19%,11.37%,3.35%,4.03%
Trindad y Tobago,2001,Masculino,1806984836758,36.46%,1.19%,11.37%,3.35%,4.03%
Uruguay,2001,Femenino,5642264311033,56.30%,1.67%,21.59%,6.09%,9.80%
Uruguay,2001,Masculino,5172383982143,56.30%,1.67%,21.59%,6.09%,9.80%
"Venezuela, República Bolivariana de",2001,Femenino,14675869153331,58.36%,0.96%,20.56%,4.88%,
"Venezuela, República Bolivariana de",2001,Masculino,17765288146433,58.36%,0.96%,20.56%,4.88%,
Antigua y Barbuda,2002,Femenino,79760946149,41.72%,1.26%,13.77%,4.03%,5.29%
Antigua y Barbuda,2002,Masculino,77438648073,41.72%,1.26%,13.77%,4.03%,5.29%
Argentina,2002,Femenino,44845560148513,57.12%,1.23%,22.32%,6.11%,7.39%
Argentina,2002,Masculino,48950426192808,57.12%,1.23%,22.32%,6.11%,7.39%
Bahamas,2002,Femenino,26603977682,58.28%,2.99%,25.30%,8.93%,3.81%
Bahamas,2002,Masculino,275293336691,58.28%,2.99%,25.30%,8.93%,3.81%
Barbados,2002,Femenino,493715236208,44.72%,1.90%,16.50%,5.41%,5.86%
Barbados,2002,Masculino,352899495676,44.72%,1.90%,16.50%,5.41%,5.86%
Belice,2002,Femenino,124338738117,47.95%,2.03%,17.96%,5.89%,3.59%
Belice,2002,Masculino,13741942212,47.95%,2.03%,17.96%,5.89%,3.59%
"Bolivia, Estado Plurinacional de",2002,Femenino,6647457592215,48.46%,0.61%,14.36%,2.90%,4.90%
"Bolivia, Estado Plurinacional de",2002,Masculino,6103836367383,48.46%,0.61%,14.36%,2.90%,4.90%
Brasil,2002,Femenino,145425447822046,48.93%,0.78%,15.95%,3.92%,8.70%
Brasil,2002,Masculino,16072616535235,48.93%,0.78%,15.95%,3.92%,8.70%
Canadá,2002,Femenino,37438995376027,58.55%,2.12%,22.41%,6.93%,8.86%
Canadá,2002,Masculino,36302133552438,58.55%,2.12%,22.41%,6.93%,8.86%
Chile,2002,Femenino,11022408349884,57.17%,1.38%,22.17%,5.79%,7.21%
Chile,2002,Masculino,11603685000157,57.17%,1.38%,22.17%,5.79%,7.21%
Colombia,2002,Femenino,25297048173776,52.30%,0.63%,16.57%,3.36%,5.73%
Colombia,2002,Masculino,22896813569275,52.30%,0.63%,16.57%,3.36%,5.73%
Costa Rica,2002,Femenino,2063388642694,51.01%,1.19%,16.68%,4.06%,6.87%
Costa Rica,2002,Masculino,249945293588,51.01%,1.19%,16.68%,4.06%,6.87%
Cuba,2002,Femenino,14139213814718,51.76%,1.66%,18.90%,5.66%,7.11%
Cuba,2002,Masculino,1517242231434,51.76%,1.66%,18.90%,5.66%,7.11%
Ecuador,2002,Femenino,6260028943491,49.04%,0.53%,14.50%,2.76%,4.48%
Ecuador,2002,Masculino,6903648834524,49.04%,0.53%,14.50%,2.76%,4.48%
El Salvador,2002,Femenino,2656677717564,51.39%,0.78%,16.88%,3.73%,7.89%
El Salvador,2002,Masculino,2714740211006,51.39%,0.78%,16.88%,3.73%,7.89%
Estados Unidos de América,2002,Femenino,485686233376504,61.73%,4.39%,27.81%,11.01%,14.00%
Estados Unidos de América,2002,Masculino,426629208039879,61.73%,4.39%,27.81%,11.01%,14.00%
Granada,2002,Femenino,117081161654,43.07%,1.38%,14.71%,4.43%,6.18%
Granada,2002,Masculino,162807940276,43.07%,1.38%,14.71%,4.43%,6.18%
Guatemala,2002,Femenino,4602216516316,47.39%,0.61%,14.18%,2.98%,6.01%
Guatemala,2002,Masculino,4600822301845,47.39%,0.61%,14.18%,2.98%,6.01%
Guyana,2002,Femenino,871775295639,40.57%,1.13%,13.29%,3.93%,3.19%
Guyana,2002,Masculino,985412496519,40.57%,1.13%,13.29%,3.93%,3.19%
Haití,2002,Femenino,13007944832645,40.69%,0.72%,12.33%,3.09%,3.43%
Haití,2002,Masculino,8741121876474,40.69%,0.72%,12.33%,3.09%,3.43%
Honduras,2002,Femenino,4415798539889,46.35%,0.67%,14.04%,3.03%,6.24%
Honduras,2002,Masculino,3079935916536,46.35%,0.67%,14.04%,3.03%,6.24%
Jamaica,2002,Femenino,2180465082867,46.56%,1.85%,17.42%,5.50%,4.75%
Jamaica,2002,Masculino,1994546653042,46.56%,1.85%,17.42%,5.50%,4.75%
México,2002,Femenino,52097329978056,58.56%,1.44%,22.29%,6.01%,5.07%
México,2002,Masculino,51521117506545,58.56%,1.44%,22.29%,6.01%,5.07%
Nicaragua,2002,Femenino,318527251206,50.70%,1.13%,16.98%,4.24%,5.73%
Nicaragua,2002,Masculino,2823892627824,50.70%,1.13%,16.98%,4.24%,5.73%
Panamá,2002,Femenino,1558610996271,51.59%,1.01%,16.37%,3.90%,7.31%
Panamá,2002,Masculino,1900881371301,51.59%,1.01%,16.37%,3.90%,7.31%
Paraguay,2002,Femenino,2611011622719,45.21%,0.74%,13.84%,3.27%,4.76%
Paraguay,2002,Masculino,2704423858017,45.21%,0.74%,13.84%,3.27%,4.76%
Perú,2002,Femenino,8297800886838,50.89%,0.44%,14.76%,2.63%,4.94%
Perú,2002,Masculino,7281817684552,50.89%,0.44%,14.76%,2.63%,4.94%
República Dominicana,2002,Femenino,4128754031265,49.58%,1.44%,17.97%,5.22%,4.99%
República Dominicana,2002,Masculino,5394227586104,49.58%,1.44%,17.97%,5.22%,4.99%
San Vicente y las Granadinas,2002,Femenino,136195799214,45.87%,1.61%,16.28%,5.04%,4.08%
San Vicente y las Granadinas,2002,Masculino,118112935898,45.87%,1.61%,16.28%,5.04%,4.08%
Santa Lucía,2002,Femenino,17086050652,41.36%,1.35%,14.09%,4.10%,5.39%
Santa Lucía,2002,Masculino,198858805249,41.36%,1.35%,14.09%,4.10%,5.39%
Surinam,2002,Femenino,468565766551,52.40%,2.29%,20.48%,6.91%,5.33%
Surinam,2002,Masculino,546601445202,52.40%,2.29%,20.48%,6.91%,5.33%
Trindad y Tobago,2002,Femenino,1473879129392,37.21%,1.28%,11.84%,3.57%,4.72%
Trindad y Tobago,2002,Masculino,1769997294494,37.21%,1.28%,11.84%,3.57%,4.72%
Uruguay,2002,Femenino,5482258411186,56.89%,1.75%,22.05%,6.31%,9.68%
Uruguay,2002,Masculino,517371724253,56.89%,1.75%,22.05%,6.31%,9.68%
"Venezuela, República Bolivariana de",2002,Femenino,14474343697723,58.90%,1.02%,20.97%,5.07%,
"Venezuela, República Bolivariana de",2002,Masculino,16902651134831,58.90%,1.02%,20.97%,5.07%,
Antigua y Barbuda,2003,Femenino,82701872366,42.26%,1.33%,14.12%,4.21%,5.58%
Antigua y Barbuda,2003,Masculino,74196337095,42.26%,1.33%,14.12%,4.21%,5.58%
Argentina,2003,Femenino,46059103070989,57.67%,1.29%,22.78%,6.34%,6.89%
Argentina,2003,Masculino,48744715731645,57.67%,1.29%,22.78%,6.34%,6.89%
Bahamas,2003,Femenino,276302910489,58.87%,3.11%,25.78%,9.22%,4.02%
Bahamas,2003,Masculino,278812785637,58.87%,3.11%,25.78%,9.22%,4.02%
Barbados,2003,Femenino,478802405211,45.40%,2.01%,16.98%,5.67%,6.69%
Barbados,2003,Masculino,360827780584,45.40%,2.01%,16.98%,5.67%,6.69%
Belice,2003,Femenino,121956275638,48.58%,2.14%,18.42%,6.14%,3.56%
Belice,2003,Masculino,13445531619,48.58%,2.14%,18.42%,6.14%,3.56%
"Bolivia, Estado Plurinacional de",2003,Femenino,6725942473448,49.14%,0.66%,14.78%,3.05%,5.20%
"Bolivia, Estado Plurinacional de",2003,Masculino,6173565015331,49.14%,0.66%,14.78%,3.05%,5.20%
Brasil,2003,Femenino,147061774384073,49.65%,0.83%,16.42%,4.12%,8.19%
Brasil,2003,Masculino,164879911142496,49.65%,0.83%,16.42%,4.12%,8.19%
Canadá,2003,Femenino,36692720202567,59.16%,2.25%,22.99%,7.25%,9.01%
Canadá,2003,Masculino,36704477239537,59.16%,2.25%,22.99%,7.25%,9.01%
Chile,2003,Femenino,11662553218949,57.75%,1.45%,22.64%,6.01%,7.25%
Chile,2003,Masculino,12191909425037,57.75%,1.45%,22.64%,6.01%,7.25%
Colombia,2003,Femenino,25903797742146,52.94%,0.67%,16.99%,3.52%,5.78%
Colombia,2003,Masculino,24299132723184,52.94%,0.67%,16.99%,3.52%,5.78%
Costa Rica,2003,Femenino,2045711469498,51.95%,1.29%,17.33%,4.33%,6.97%
Costa Rica,2003,Masculino,2397592879182,51.95%,1.29%,17.33%,4.33%,6.97%
Cuba,2003,Femenino,15065310252874,52.39%,1.75%,19.34%,5.89%,7.10%
Cuba,2003,Masculino,15900738510364,52.39%,1.75%,19.34%,5.89%,7.10%
Ecuador,2003,Femenino,640969554947,49.69%,0.56%,14.90%,2.90%,5.44%
Ecuador,2003,Masculino,7143740511398,49.69%,0.56%,14.90%,2.90%,5.44%
El Salvador,2003,Femenino,2851896408906,52.20%,0.85%,17.44%,3.95%,7.77%
El Salvador,2003,Masculino,2660955811324,52.20%,0.85%,17.44%,3.95%,7.77%
Estados Unidos de América,2003,Femenino,475953965723778,62.40%,4.62%,28.53%,11.49%,14.51%
Estados Unidos de América,2003,Masculino,420807982059582,62.40%,4.62%,28.53%,11.49%,14.51%
Granada,2003,Femenino,119574034513,43.81%,1.47%,15.19%,4.66%,5.28%
Granada,2003,Masculino,166618892512,43.81%,1.47%,15.19%,4.66%,5.28%
Guatemala,2003,Femenino,4739980710645,48.12%,0.66%,14.65%,3.16%,6.15%
Guatemala,2003,Masculino,474827412227,48.12%,0.66%,14.65%,3.16%,6.15%
Guyana,2003,Femenino,936708700958,41.25%,1.21%,13.73%,4.14%,3.27%
Guyana,2003,Masculino,1046367442931,41.25%,1.21%,13.73%,4.14%,3.27%
Haití,2003,Femenino,13288003018107,41.75%,0.79%,12.95%,3.34%,3.54%
Haití,2003,Masculino,8832317412971,41.75%,0.79%,12.95%,3.34%,3.54%
Honduras,2003,Femenino,4584875154046,47.15%,0.73%,14.54%,3.22%,6.89%
Honduras,2003,Masculino,3188017628896,47.15%,0.73%,14.54%,3.22%,6.89%
Jamaica,2003,Femenino,2105304970817,47.31%,1.96%,17.92%,5.76%,4.22%
Jamaica,2003,Masculino,2006556974167,47.31%,1.96%,17.92%,5.76%,4.22%
México,2003,Femenino,5384802501656,59.17%,1.52%,22.79%,6.26%,5.81%
México,2003,Masculino,53548521749086,59.17%,1.52%,22.79%,6.26%,5.81%
Nicaragua,2003,Femenino,3237009051555,51.37%,1.21%,17.46%,4.45%,6.08%
Nicaragua,2003,Masculino,3026958736739,51.37%,1.21%,17.46%,4.45%,6.08%
Panamá,2003,Femenino,1621711410328,52.33%,1.09%,16.88%,4.12%,6.96%
Panamá,2003,Masculino,2083687855794,52.33%,1.09%,16.88%,4.12%,6.96%
Paraguay,2003,Femenino,2702938157837,45.98%,0.80%,14.34%,3.46%,4.91%
Paraguay,2003,Masculino,2817746605301,45.98%,0.80%,14.34%,3.46%,4.91%
Perú,2003,Femenino,864158860294,51.49%,0.47%,15.13%,2.75%,4.59%
Perú,2003,Masculino,748405516297,51.49%,0.47%,15.13%,2.75%,4.59%
República Dominicana,2003,Femenino,4563237852405,50.54%,1.55%,18.64%,5.53%,4.39%
República Dominicana,2003,Masculino,5974866368135,50.54%,1.55%,18.64%,5.53%,4.39%
San Vicente y las Granadinas,2003,Femenino,133263768201,46.66%,1.72%,16.82%,5.30%,3.96%
San Vicente y las Granadinas,2003,Masculino,113329652759,46.66%,1.72%,16.82%,5.30%,3.96%
Santa Lucía,2003,Femenino,170197673703,41.92%,1.43%,14.46%,4.29%,5.24%
Santa Lucía,2003,Masculino,202145536042,41.92%,1.43%,14.46%,4.29%,5.24%
Surinam,2003,Femenino,468676662919,53.02%,2.40%,20.94%,7.17%,4.89%
Surinam,2003,Masculino,555386446365,53.02%,2.40%,20.94%,7.17%,4.89%
Trindad y Tobago,2003,Femenino,1538012850044,37.96%,1.37%,12.31%,3.79%,4.19%
Trindad y Tobago,2003,Masculino,1831012292159,37.96%,1.37%,12.31%,3.79%,4.19%
Uruguay,2003,Femenino,587842452973,57.47%,1.83%,22.50%,6.54%,9.62%
Uruguay,2003,Masculino,5493168453002,57.47%,1.83%,22.50%,6.54%,9.62%
"Venezuela, República Bolivariana de",2003,Femenino,15607722930428,59.42%,1.07%,21.38%,5.26%,
"Venezuela, República Bolivariana de",2003,Masculino,18598371165544,59.42%,1.07%,21.38%,5.26%,
Antigua y Barbuda,2004,Femenino,84945917814,42.79%,1.41%,14.48%,4.39%,5.12%
Antigua y Barbuda,2004,Masculino,79112127157,42.79%,1.41%,14.48%,4.39%,5.12%
Argentina,2004,Femenino,44212805623663,58.22%,1.36%,23.24%,6.58%,7.23%
Argentina,2004,Masculino,46166306438233,58.22%,1.36%,23.24%,6.58%,7.23%
Bahamas,2004,Femenino,30271280011,59.46%,3.24%,26.27%,9.52%,4.05%
Bahamas,2004,Masculino,321368838532,59.46%,3.24%,26.27%,9.52%,4.05%
Barbados,2004,Femenino,470154110287,46.08%,2.13%,17.47%,5.93%,7.31%
Barbados,2004,Masculino,356303065372,46.08%,2.13%,17.47%,5.93%,7.31%
Belice,2004,Femenino,120658474335,49.20%,2.25%,18.88%,6.40%,3.45%
Belice,2004,Masculino,137349506448,49.20%,2.25%,18.88%,6.40%,3.45%
"Bolivia, Estado Plurinacional de",2004,Femenino,685845273388,49.81%,0.70%,15.20%,3.20%,4.86%
"Bolivia, Estado Plurinacional de",2004,Masculino,6184758332741,49.81%,0.70%,15.20%,3.20%,4.86%
Brasil,2004,Femenino,151713788671363,50.35%,0.88%,16.90%,4.32%,8.12%
Brasil,2004,Masculino,169143387628561,50.35%,0.88%,16.90%,4.32%,8.12%
Canadá,2004,Femenino,36211467017331,59.75%,2.38%,23.57%,7.58%,9.07%
Canadá,2004,Masculino,35458768590869,59.75%,2.38%,23.57%,7.58%,9.07%
Chile,2004,Femenino,12002709973938,58.33%,1.53%,23.10%,6.24%,6.91%
Chile,2004,Masculino,12326002975175,58.33%,1.53%,23.10%,6.24%,6.91%
Colombia,2004,Femenino,26047639732328,53.56%,0.72%,17.42%,3.68%,5.80%
Colombia,2004,Masculino,25078157857098,53.56%,0.72%,17.42%,3.68%,5.80%
Costa Rica,2004,Femenino,2226332305198,52.89%,1.40%,18.01%,4.61%,6.63%
Costa Rica,2004,Masculino,251732499913,52.89%,1.40%,18.01%,4.61%,6.63%
Cuba,2004,Femenino,15467672414762,53.03%,1.84%,19.78%,6.13%,6.83%
Cuba,2004,Masculino,16259246304671,53.03%,1.84%,19.78%,6.13%,6.83%
Ecuador,2004,Femenino,6731162139104,50.33%,0.60%,15.31%,3.04%,5.57%
Ecuador,2004,Masculino,7651186397469,50.33%,0.60%,15.31%,3.04%,5.57%
El Salvador,2004,Femenino,2831933796291,53.00%,0.92%,18.00%,4.18%,8.13%
El Salvador,2004,Masculino,2621475880173,53.00%,0.92%,18.00%,4.18%,8.13%
Estados Unidos de América,2004,Femenino,4521496823561,63.05%,4.86%,29.24%,11.97%,14.55%
Estados Unidos de América,2004,Masculino,403489223404808,63.05%,4.86%,29.24%,11.97%,14.55%
Granada,2004,Femenino,122691035878,44.54%,1.56%,15.67%,4.90%,5.37%
Granada,2004,Masculino,175885100069,44.54%,1.56%,15.67%,4.90%,5.37%
Guatemala,2004,Femenino,4878497396136,48.85%,0.71%,15.13%,3.34%,6.26%
Guatemala,2004,Masculino,5004480397829,48.85%,0.71%,15.13%,3.34%,6.26%
Guyana,2004,Femenino,970062602898,41.94%,1.29%,14.18%,4.36%,3.44%
Guyana,2004,Masculino,1067869966346,41.94%,1.29%,14.18%,4.36%,3.44%
Haití,2004,Femenino,13437878522386,42.85%,0.88%,13.62%,3.61%,3.43%
Haití,2004,Masculino,8859972216933,42.85%,0.88%,13.62%,3.61%,3.43%
Honduras,2004,Femenino,4854131051616,47.95%,0.79%,15.06%,3.42%,6.85%
Honduras,2004,Masculino,3221183802972,47.95%,0.79%,15.06%,3.42%,6.85%
Jamaica,2004,Femenino,2058079286476,48.06%,2.07%,18.44%,6.03%,4.80%
Jamaica,2004,Masculino,1917712500107,48.06%,2.07%,18.44%,6.03%,4.80%
México,2004,Femenino,53448453976597,59.79%,1.61%,23.30%,6.51%,5.95%
México,2004,Masculino,53714374723275,59.79%,1.61%,23.30%,6.51%,5.95%
Nicaragua,2004,Femenino,3313648832166,52.04%,1.29%,17.94%,4.67%,6.06%
Nicaragua,2004,Masculino,3096878558661,52.04%,1.29%,17.94%,4.67%,6.06%
Panamá,2004,Femenino,1678619795505,53.04%,1.17%,17.38%,4.34%,7.34%
Panamá,2004,Masculino,213454909272,53.04%,1.17%,17.38%,4.34%,7.34%
Paraguay,2004,Femenino,2959505185931,46.74%,0.86%,14.84%,3.66%,4.93%
Paraguay,2004,Masculino,3400689914732,46.74%,0.86%,14.84%,3.66%,4.93%
Perú,2004,Femenino,823423344755,52.09%,0.50%,15.51%,2.88%,4.43%
Perú,2004,Masculino,7412030770711,52.09%,0.50%,15.51%,2.88%,4.43%
República Dominicana,2004,Femenino,5173090389956,51.51%,1.67%,19.32%,5.85%,4.29%
República Dominicana,2004,Masculino,6291022738422,51.51%,1.67%,19.32%,5.85%,4.29%
San Vicente y las Granadinas,2004,Femenino,132754925435,47.45%,1.83%,17.37%,5.58%,3.87%
San Vicente y las Granadinas,2004,Masculino,115433795936,47.45%,1.83%,17.37%,5.58%,3.87%
Santa Lucía,2004,Femenino,164806597784,42.45%,1.52%,14.83%,4.48%,4.77%
Santa Lucía,2004,Masculino,196464013416,42.45%,1.52%,14.83%,4.48%,4.77%
Surinam,2004,Femenino,467366651837,53.65%,2.51%,21.41%,7.43%,5.46%
Surinam,2004,Masculino,556605108673,53.65%,2.51%,21.41%,7.43%,5.46%
Trindad y Tobago,2004,Femenino,1480911985262,38.69%,1.47%,12.77%,4.02%,4.31%
Trindad y Tobago,2004,Masculino,1761786037576,38.69%,1.47%,12.77%,4.02%,4.31%
Uruguay,2004,Femenino,5781551394948,58.05%,1.92%,22.96%,6.77%,8.30%
Uruguay,2004,Masculino,5260222961326,58.05%,1.92%,22.96%,6.77%,8.30%
"Venezuela, República Bolivariana de",2004,Femenino,15178670098429,59.93%,1.13%,21.78%,5.46%,
"Venezuela, República Bolivariana de",2004,Masculino,18600860027526,59.93%,1.13%,21.78%,5.46%,
Antigua y Barbuda,2005,Femenino,85602484594,43.32%,1.49%,14.84%,4.58%,4.99%
Antigua y Barbuda,2005,Masculino,80942187887,43.32%,1.49%,14.84%,4.58%,4.99%
Argentina,2005,Femenino,43896405453999,58.77%,1.43%,23.71%,6.82%,7.61%
Argentina,2005,Masculino,4508208551276,58.77%,1.43%,23.71%,6.82%,7.61%
Bahamas,2005,Femenino,288009243831,60.04%,3.37%,26.76%,9.82%,4.03%
Bahamas,2005,Masculino,313983809026,60.04%,3.37%,26.76%,9.82%,4.03%
Barbados,2005,Femenino,466980504651,46.74%,2.25%,17.96%,6.20%,6.78%
Barbados,2005,Masculino,334842514815,46.74%,2.25%,17.96%,6.20%,6.78%
Belice,2005,Femenino,111591909638,49.81%,2.36%,19.34%,6.66%,3.47%
Belice,2005,Masculino,122911671207,49.81%,2.36%,19.34%,6.66%,3.47%
"Bolivia, Estado Plurinacional de",2005,Femenino,7063512820348,50.48%,0.75%,15.63%,3.36%,5.07%
"Bolivia, Estado Plurinacional de",2005,Masculino,6240724513182,50.48%,0.75%,15.63%,3.36%,5.07%
Brasil,2005,Femenino,147494132565603,51.05%,0.94%,17.37%,4.52%,8.04%
Brasil,2005,Masculino,16311381721925,51.05%,0.94%,17.37%,4.52%,8.04%
Canadá,2005,Femenino,35879214265873,60.32%,2.51%,24.14%,7.91%,9.04%
Canadá,2005,Masculino,34743100343418,60.32%,2.51%,24.14%,7.91%,9.04%
Chile,2005,Femenino,11984896611347,58.90%,1.60%,23.57%,6.47%,6.62%
Chile,2005,Masculino,12318677551983,58.90%,1.60%,23.57%,6.47%,6.62%
Colombia,2005,Femenino,26663218889052,54.18%,0.76%,17.85%,3.85%,6.07%
Colombia,2005,Masculino,26231148021486,54.18%,0.76%,17.85%,3.85%,6.07%
Costa Rica,2005,Femenino,2032165562395,53.84%,1.52%,18.70%,4.92%,6.66%
Costa Rica,2005,Masculino,2462825903116,53.84%,1.52%,18.70%,4.92%,6.66%
Cuba,2005,Femenino,16314649305547,53.66%,1.94%,20.23%,6.37%,8.76%
Cuba,2005,Masculino,17344917660948,53.66%,1.94%,20.23%,6.37%,8.76%
Ecuador,2005,Femenino,7216485850315,50.96%,0.64%,15.72%,3.19%,5.60%
Ecuador,2005,Masculino,8236073159291,50.96%,0.64%,15.72%,3.19%,5.60%
El Salvador,2005,Femenino,2905907477806,53.77%,0.99%,18.55%,4.41%,9.20%
El Salvador,2005,Masculino,27590304535,53.77%,0.99%,18.55%,4.41%,9.20%
Estados Unidos de América,2005,Femenino,447632641394605,63.67%,5.10%,29.93%,12.45%,14.58%
Estados Unidos de América,2005,Masculino,40317781179517,63.67%,5.10%,29.93%,12.45%,14.58%
Granada,2005,Femenino,127769481217,45.26%,1.66%,16.16%,5.14%,5.14%
Granada,2005,Masculino,179994614677,45.26%,1.66%,16.16%,5.14%,5.14%
Guatemala,2005,Femenino,5213119211772,49.57%,0.77%,15.61%,3.53%,6.15%
Guatemala,2005,Masculino,5343616062901,49.57%,0.77%,15.61%,3.53%,6.15%
Guyana,2005,Femenino,986985245892,42.63%,1.38%,14.64%,4.60%,3.79%
Guyana,2005,Masculino,1055502282891,42.63%,1.38%,14.64%,4.60%,3.79%
Haití,2005,Femenino,13836088232909,43.99%,0.97%,14.32%,3.91%,3.31%
Haití,2005,Masculino,8990490601084,43.99%,0.97%,14.32%,3.91%,3.31%
Honduras,2005,Femenino,502704908258,48.75%,0.86%,15.59%,3.63%,7.50%
Honduras,2005,Masculino,3359526600456,48.75%,0.86%,15.59%,3.63%,7.50%
Jamaica,2005,Femenino,1932668346798,48.81%,2.19%,18.96%,6.30%,4.55%
Jamaica,2005,Masculino,1700914467743,48.81%,2.19%,18.96%,6.30%,4.55%
México,2005,Femenino,5538044502495,60.39%,1.70%,23.80%,6.78%,5.84%
México,2005,Masculino,56057028337366,60.39%,1.70%,23.80%,6.78%,5.84%
Nicaragua,2005,Femenino,3558007486068,52.70%,1.38%,18.43%,4.89%,6.22%
Nicaragua,2005,Masculino,3150993033304,52.70%,1.38%,18.43%,4.89%,6.22%
Panamá,2005,Femenino,1891185989617,53.72%,1.25%,17.88%,4.56%,6.43%
Panamá,2005,Masculino,2130344511702,53.72%,1.25%,17.88%,4.56%,6.43%
Paraguay,2005,Femenino,3072254965687,47.50%,0.93%,15.34%,3.87%,4.83%
Paraguay,2005,Masculino,3350256242074,47.50%,0.93%,15.34%,3.87%,4.83%
Perú,2005,Femenino,8162371470175,52.68%,0.53%,15.89%,3.01%,4.67%
Perú,2005,Masculino,7297987569586,52.68%,0.53%,15.89%,3.01%,4.67%
República Dominicana,2005,Femenino,5465373291019,52.48%,1.79%,20.03%,6.19%,4.35%
República Dominicana,2005,Masculino,6951947325669,52.48%,1.79%,20.03%,6.19%,4.35%
San Vicente y las Granadinas,2005,Femenino,127571658705,48.23%,1.95%,17.93%,5.87%,3.83%
San Vicente y las Granadinas,2005,Masculino,115877962207,48.23%,1.95%,17.93%,5.87%,3.83%
Santa Lucía,2005,Femenino,16288965843,42.96%,1.60%,15.18%,4.68%,4.86%
Santa Lucía,2005,Masculino,192157205337,42.96%,1.60%,15.18%,4.68%,4.86%
Surinam,2005,Femenino,462380672994,54.27%,2.63%,21.88%,7.71%,5.24%
Surinam,2005,Masculino,557730415214,54.27%,2.63%,21.88%,7.71%,5.24%
Trindad y Tobago,2005,Femenino,1419781665738,39.41%,1.58%,13.25%,4.26%,4.43%
Trindad y Tobago,2005,Masculino,1734284377305,39.41%,1.58%,13.25%,4.26%,4.43%
Uruguay,2005,Femenino,5650671523323,58.63%,2.01%,23.43%,7.01%,7.76%
Uruguay,2005,Masculino,5045887494046,58.63%,2.01%,23.43%,7.01%,7.76%
"Venezuela, República Bolivariana de",2005,Femenino,15262248445476,60.42%,1.18%,22.18%,5.65%,
"Venezuela, República Bolivariana de",2005,Masculino,19056479703741,60.42%,1.18%,22.18%,5.65%,
Antigua y Barbuda,2006,Femenino,83832184642,43.85%,1.57%,15.21%,4.78%,4.63%
Antigua y Barbuda,2006,Masculino,83922395517,43.85%,1.57%,15.21%,4.78%,4.63%
Argentina,2006,Femenino,44009167671329,59.31%,1.50%,24.18%,7.07%,7.64%
Argentina,2006,Masculino,44669915631501,59.31%,1.50%,24.18%,7.07%,7.64%
Bahamas,2006,Femenino,295401036654,60.61%,3.50%,27.24%,10.13%,4.31%
Bahamas,2006,Masculino,338144105403,60.61%,3.50%,27.24%,10.13%,4.31%
Barbados,2006,Femenino,483620297495,47.40%,2.37%,18.45%,6.48%,6.58%
Barbados,2006,Masculino,355205862829,47.40%,2.37%,18.45%,6.48%,6.58%
Belice,2006,Femenino,118941482279,50.41%,2.48%,19.80%,6.93%,3.57%
Belice,2006,Masculino,126685048489,50.41%,2.48%,19.80%,6.93%,3.57%
"Bolivia, Estado Plurinacional de",2006,Femenino,7242042474244,51.14%,0.80%,16.07%,3.53%,4.66%
"Bolivia, Estado Plurinacional de",2006,Masculino,6345292920033,51.14%,0.80%,16.07%,3.53%,4.66%
Brasil,2006,Femenino,153097998909073,51.73%,0.99%,17.85%,4.73%,8.25%
Brasil,2006,Masculino,168982325398864,51.73%,0.99%,17.85%,4.73%,8.25%
Canadá,2006,Femenino,34216294521656,60.87%,2.64%,24.71%,8.25%,9.34%
Canadá,2006,Masculino,33881096345253,60.87%,2.64%,24.71%,8.25%,9.34%
Chile,2006,Femenino,11820514973825,59.46%,1.68%,24.05%,6.71%,6.07%
Chile,2006,Masculino,12145111181864,59.46%,1.68%,24.05%,6.71%,6.07%
Colombia,2006,Femenino,27671518829736,54.79%,0.81%,18.28%,4.03%,6.34%
Colombia,2006,Masculino,26601309749744,54.79%,0.81%,18.28%,4.03%,6.34%
Costa Rica,2006,Femenino,2189327313548,54.78%,1.64%,19.40%,5.23%,6.94%
Costa Rica,2006,Masculino,2661663340161,54.78%,1.64%,19.40%,5.23%,6.94%
Cuba,2006,Femenino,1515448834344,54.28%,2.04%,20.69%,6.62%,8.27%
Cuba,2006,Masculino,16598383775929,54.28%,2.04%,20.69%,6.62%,8.27%
Ecuador,2006,Femenino,7545447917618,51.58%,0.69%,16.13%,3.34%,5.71%
Ecuador,2006,Masculino,8414639773107,51.58%,0.69%,16.13%,3.34%,5.71%
El Salvador,2006,Femenino,3049466114111,54.52%,1.06%,19.11%,4.65%,8.69%
El Salvador,2006,Masculino,3016749518371,54.52%,1.06%,19.11%,4.65%,8.69%
Estados Unidos de América,2006,Femenino,426359972385673,64.28%,5.34%,30.62%,12.93%,14.71%
Estados Unidos de América,2006,Masculino,392238951254895,64.28%,5.34%,30.62%,12.93%,14.71%
Granada,2006,Femenino,131394071211,45.97%,1.76%,16.65%,5.39%,5.11%
Granada,2006,Masculino,180255966344,45.97%,1.76%,16.65%,5.39%,5.11%
Guatemala,2006,Femenino,5313401995673,50.29%,0.83%,16.11%,3.73%,6.36%
Guatemala,2006,Masculino,5442573281163,50.29%,0.83%,16.11%,3.73%,6.36%
Guyana,2006,Femenino,969819105537,43.33%,1.48%,15.11%,4.84%,3.93%
Guyana,2006,Masculino,1074264350663,43.33%,1.48%,15.11%,4.84%,3.93%
Haití,2006,Femenino,14178787767878,45.15%,1.08%,15.06%,4.22%,3.48%
Haití,2006,Masculino,9306641157273,45.15%,1.08%,15.06%,4.22%,3.48%
Honduras,2006,Femenino,5256756973133,49.55%,0.93%,16.12%,3.85%,7.86%
Honduras,2006,Masculino,3533359614699,49.55%,0.93%,16.12%,3.85%,7.86%
Jamaica,2006,Femenino,1889113522412,49.57%,2.31%,19.49%,6.59%,4.21%
Jamaica,2006,Masculino,175548538974,49.57%,2.31%,19.49%,6.59%,4.21%
México,2006,Femenino,5495172572241,60.98%,1.79%,24.31%,7.04%,5.66%
México,2006,Masculino,56726610076423,60.98%,1.79%,24.31%,7.04%,5.66%
Nicaragua,2006,Femenino,3368211017167,53.35%,1.47%,18.92%,5.13%,6.36%
Nicaragua,2006,Masculino,3004190627466,53.35%,1.47%,18.92%,5.13%,6.36%
Panamá,2006,Femenino,1778952963665,54.39%,1.34%,18.38%,4.79%,6.78%
Panamá,2006,Masculino,2181219912709,54.39%,1.34%,18.38%,4.79%,6.78%
Paraguay,2006,Femenino,3407195828532,48.24%,0.99%,15.84%,4.08%,5.02%
Paraguay,2006,Masculino,3718354515252,48.24%,0.99%,15.84%,4.08%,5.02%
Perú,2006,Femenino,804152709095,53.28%,0.56%,16.27%,3.14%,4.41%
Perú,2006,Masculino,7447421709672,53.28%,0.56%,16.27%,3.14%,4.41%
República Dominicana,2006,Femenino,5823194268761,53.47%,1.92%,20.75%,6.55%,3.99%
República Dominicana,2006,Masculino,7710865471593,53.47%,1.92%,20.75%,6.55%,3.99%
San Vicente y las Granadinas,2006,Femenino,143613317918,49.02%,2.07%,18.50%,6.16%,3.65%
San Vicente y las Granadinas,2006,Masculino,123027546471,49.02%,2.07%,18.50%,6.16%,3.65%
Santa Lucía,2006,Femenino,167408309993,43.45%,1.69%,15.54%,4.88%,5.13%
Santa Lucía,2006,Masculino,195301736722,43.45%,1.69%,15.54%,4.88%,5.13%
Surinam,2006,Femenino,461404385816,54.87%,2.75%,22.36%,7.99%,5.86%
Surinam,2006,Masculino,554335102387,54.87%,2.75%,22.36%,7.99%,5.86%
Trindad y Tobago,2006,Femenino,1408883705853,40.12%,1.69%,13.73%,4.50%,4.15%
Trindad y Tobago,2006,Masculino,1617190075369,40.12%,1.69%,13.73%,4.50%,4.15%
Uruguay,2006,Femenino,5086896753186,59.20%,2.10%,23.90%,7.25%,7.74%
Uruguay,2006,Masculino,4921697894924,59.20%,2.10%,23.90%,7.25%,7.74%
"Venezuela, República Bolivariana de",2006,Femenino,15868442560786,60.89%,1.24%,22.57%,5.85%,
"Venezuela, República Bolivariana de",2006,Masculino,19678946456404,60.89%,1.24%,22.57%,5.85%,
Antigua y Barbuda,2007,Femenino,84045580687,44.38%,1.66%,15.58%,4.99%,4.45%
Antigua y Barbuda,2007,Masculino,101125352364,44.38%,1.66%,15.58%,4.99%,4.45%
Argentina,2007,Femenino,47203333953524,59.85%,1.57%,24.66%,7.33%,7.83%
Argentina,2007,Masculino,4693988037479,59.85%,1.57%,24.66%,7.33%,7.83%
Bahamas,2007,Femenino,289842077898,61.17%,3.64%,27.74%,10.44%,4.50%
Bahamas,2007,Masculino,330021904698,61.17%,3.64%,27.74%,10.44%,4.50%
Barbados,2007,Femenino,490336357573,48.05%,2.50%,18.95%,6.77%,6.06%
Barbados,2007,Masculino,391300105064,48.05%,2.50%,18.95%,6.77%,6.06%
Belice,2007,Femenino,119395626778,51.00%,2.61%,20.26%,7.20%,4.08%
Belice,2007,Masculino,130848704827,51.00%,2.61%,20.26%,7.20%,4.08%
"Bolivia, Estado Plurinacional de",2007,Femenino,7608707691303,51.81%,0.85%,16.51%,3.70%,4.70%
"Bolivia, Estado Plurinacional de",2007,Masculino,6579334337322,51.81%,0.85%,16.51%,3.70%,4.70%
Brasil,2007,Femenino,154186109879301,52.41%,1.05%,18.32%,4.94%,8.20%
Brasil,2007,Masculino,171212283127521,52.41%,1.05%,18.32%,4.94%,8.20%
Canadá,2007,Femenino,34742961001769,61.41%,2.78%,25.28%,8.58%,9.45%
Canadá,2007,Masculino,34089705643716,61.41%,2.78%,25.28%,8.58%,9.45%
Chile,2007,Femenino,12504800014136,60.02%,1.77%,24.52%,6.96%,6.21%
Chile,2007,Masculino,12787411787113,60.02%,1.77%,24.52%,6.96%,6.21%
Colombia,2007,Femenino,27618931132712,55.40%,0.87%,18.72%,4.21%,6.49%
Colombia,2007,Masculino,26373836898223,55.40%,0.87%,18.72%,4.21%,6.49%
Costa Rica,2007,Femenino,2188272498121,55.71%,1.77%,20.11%,5.56%,7.00%
Costa Rica,2007,Masculino,2477424745532,55.71%,1.77%,20.11%,5.56%,7.00%
Cuba,2007,Femenino,15416086661398,54.90%,2.15%,21.15%,6.88%,10.97%
Cuba,2007,Masculino,16325524273309,54.90%,2.15%,21.15%,6.88%,10.97%
Ecuador,2007,Femenino,7488419466283,52.20%,0.73%,16.55%,3.50%,5.43%
Ecuador,2007,Masculino,8512767754739,52.20%,0.73%,16.55%,3.50%,5.43%
El Salvador,2007,Femenino,2901289317999,55.25%,1.14%,19.66%,4.89%,8.48%
El Salvador,2007,Masculino,2892274542043,55.25%,1.14%,19.66%,4.89%,8.48%
Estados Unidos de América,2007,Femenino,416465162480438,64.87%,5.59%,31.30%,13.41%,14.92%
Estados Unidos de América,2007,Masculino,385361487613659,64.87%,5.59%,31.30%,13.41%,14.92%
Granada,2007,Femenino,139845196502,46.67%,1.87%,17.15%,5.65%,5.24%
Granada,2007,Masculino,185932448136,46.67%,1.87%,17.15%,5.65%,5.24%
Guatemala,2007,Femenino,5376976085365,51.00%,0.89%,16.61%,3.94%,6.19%
Guatemala,2007,Masculino,5257282707876,51.00%,0.89%,16.61%,3.94%,6.19%
Guyana,2007,Femenino,979296939515,44.03%,1.58%,15.60%,5.09%,4.28%
Guyana,2007,Masculino,1091187806803,44.03%,1.58%,15.60%,5.09%,4.28%
Haití,2007,Femenino,14571145797594,46.33%,1.19%,15.82%,4.56%,3.65%
Haití,2007,Masculino,9707801924579,46.33%,1.19%,15.82%,4.56%,3.65%
Honduras,2007,Femenino,5463381698872,50.35%,1.00%,16.67%,4.08%,8.08%
Honduras,2007,Masculino,3650920447946,50.35%,1.00%,16.67%,4.08%,8.08%
Jamaica,2007,Femenino,2010920257764,50.31%,2.44%,20.02%,6.88%,5.32%
Jamaica,2007,Masculino,2039042617104,50.31%,2.44%,20.02%,6.88%,5.32%
México,2007,Femenino,57495545766163,61.57%,1.89%,24.82%,7.32%,5.77%
México,2007,Masculino,59011892345487,61.57%,1.89%,24.82%,7.32%,5.77%
Nicaragua,2007,Femenino,3685979282828,54.01%,1.56%,19.43%,5.37%,6.96%
Nicaragua,2007,Masculino,3331459382313,54.01%,1.56%,19.43%,5.37%,6.96%
Panamá,2007,Femenino,1786155366754,55.03%,1.42%,18.87%,5.03%,7.62%
Panamá,2007,Masculino,2275222729696,55.03%,1.42%,18.87%,5.03%,7.62%
Paraguay,2007,Femenino,3231361778064,48.96%,1.06%,16.34%,4.30%,5.02%
Paraguay,2007,Masculino,3786157582864,48.96%,1.06%,16.34%,4.30%,5.02%
Perú,2007,Femenino,7775139400145,53.87%,0.60%,16.67%,3.29%,4.43%
Perú,2007,Masculino,7580376786872,53.87%,0.60%,16.67%,3.29%,4.43%
República Dominicana,2007,Femenino,6202115924869,54.46%,2.06%,21.50%,6.93%,4.09%
República Dominicana,2007,Masculino,8298122442874,54.46%,2.06%,21.50%,6.93%,4.09%
San Vicente y las Granadinas,2007,Femenino,159937142446,49.81%,2.20%,19.07%,6.47%,3.82%
San Vicente y las Granadinas,2007,Masculino,135303632794,49.81%,2.20%,19.07%,6.47%,3.82%
Santa Lucía,2007,Femenino,159243973507,43.94%,1.79%,15.90%,5.08%,5.54%
Santa Lucía,2007,Masculino,198133609084,43.94%,1.79%,15.90%,5.08%,5.54%
Surinam,2007,Femenino,463980914581,55.47%,2.87%,22.83%,8.27%,5.22%
Surinam,2007,Masculino,548979419254,55.47%,2.87%,22.83%,8.27%,5.22%
Trindad y Tobago,2007,Femenino,136869707898,40.83%,1.81%,14.21%,4.76%,4.15%
Trindad y Tobago,2007,Masculino,1583380062797,40.83%,1.81%,14.21%,4.76%,4.15%
Uruguay,2007,Femenino,5840876409137,59.77%,2.19%,24.37%,7.50%,7.49%
Uruguay,2007,Masculino,5186973446057,59.77%,2.19%,24.37%,7.50%,7.49%
"Venezuela, República Bolivariana de",2007,Femenino,16097985803619,61.35%,1.30%,22.95%,6.05%,
"Venezuela, República Bolivariana de",2007,Masculino,20451547438727,61.35%,1.30%,22.95%,6.05%,
Antigua y Barbuda,2008,Femenino,84053276231,44.91%,1.75%,15.96%,5.20%,4.20%
Antigua y Barbuda,2008,Masculino,96229090368,44.91%,1.75%,15.96%,5.20%,4.20%
Argentina,2008,Femenino,45015425956124,60.39%,1.65%,25.15%,7.59%,8.18%
Argentina,2008,Masculino,44502436081332,60.39%,1.65%,25.15%,7.59%,8.18%
Bahamas,2008,Femenino,301089542993,61.72%,3.79%,28.23%,10.76%,4.86%
Bahamas,2008,Masculino,347308251631,61.72%,3.79%,28.23%,10.76%,4.86%
Barbados,2008,Femenino,489984448744,48.70%,2.63%,19.46%,7.06%,6.48%
Barbados,2008,Masculino,394710468805,48.70%,2.63%,19.46%,7.06%,6.48%
Belice,2008,Femenino,11569804758,51.59%,2.73%,20.73%,7.49%,4.54%
Belice,2008,Masculino,127779773406,51.59%,2.73%,20.73%,7.49%,4.54%
"Bolivia, Estado Plurinacional de",2008,Femenino,7875632012469,52.46%,0.91%,16.96%,3.88%,4.61%
"Bolivia, Estado Plurinacional de",2008,Masculino,6733814713032,52.46%,0.91%,16.96%,3.88%,4.61%
Brasil,2008,Femenino,157842312545789,53.08%,1.12%,18.80%,5.16%,8.01%
Brasil,2008,Masculino,17568317474193,53.08%,1.12%,18.80%,5.16%,8.01%
Canadá,2008,Femenino,34602094098883,61.94%,2.92%,25.84%,8.92%,9.61%
Canadá,2008,Masculino,3422539183727,61.94%,2.92%,25.84%,8.92%,9.61%
Chile,2008,Femenino,1163770283918,60.57%,1.85%,25.00%,7.21%,6.74%
Chile,2008,Masculino,12403592319296,60.57%,1.85%,25.00%,7.21%,6.74%
Colombia,2008,Femenino,28499806692303,56.01%,0.92%,19.17%,4.40%,6.84%
Colombia,2008,Masculino,26927128114356,56.01%,0.92%,19.17%,4.40%,6.84%
Costa Rica,2008,Femenino,215242401097,56.63%,1.91%,20.83%,5.90%,7.47%
Costa Rica,2008,Masculino,2555138350077,56.63%,1.91%,20.83%,5.90%,7.47%
Cuba,2008,Femenino,16486834424325,55.51%,2.26%,21.61%,7.15%,11.31%
Cuba,2008,Masculino,17380669910186,55.51%,2.26%,21.61%,7.15%,11.31%
Ecuador,2008,Femenino,7742602353714,52.80%,0.78%,16.96%,3.67%,5.47%
Ecuador,2008,Masculino,887519342926,52.80%,0.78%,16.96%,3.67%,5.47%
El Salvador,2008,Femenino,3140801336549,55.96%,1.23%,20.21%,5.14%,8.50%
El Salvador,2008,Masculino,3024319634443,55.96%,1.23%,20.21%,5.14%,8.50%
Estados Unidos de América,2008,Femenino,414680912252888,65.44%,5.84%,31.98%,13.90%,15.21%
Estados Unidos de América,2008,Masculino,386028441278324,65.44%,5.84%,31.98%,13.90%,15.21%
Granada,2008,Femenino,140710340149,47.37%,1.98%,17.65%,5.92%,5.39%
Granada,2008,Masculino,183332215519,47.37%,1.98%,17.65%,5.92%,5.39%
Guatemala,2008,Femenino,5417579644468,51.71%,0.96%,17.12%,4.15%,6.08%
Guatemala,2008,Masculino,5556262874103,51.71%,0.96%,17.12%,4.15%,6.08%
Guyana,2008,Femenino,1021634974681,44.74%,1.69%,16.09%,5.36%,4.20%
Guyana,2008,Masculino,1144682176575,44.74%,1.69%,16.09%,5.36%,4.20%
Haití,2008,Femenino,14810058711194,47.52%,1.31%,16.62%,4.92%,3.76%
Haití,2008,Masculino,9977459576326,47.52%,1.31%,16.62%,4.92%,3.76%
Honduras,2008,Femenino,5684856261909,51.14%,1.08%,17.24%,4.32%,8.60%
Honduras,2008,Masculino,3726895459904,51.14%,1.08%,17.24%,4.32%,8.60%
Jamaica,2008,Femenino,2016897565654,51.06%,2.57%,20.57%,7.18%,5.61%
Jamaica,2008,Masculino,2522327029374,51.06%,2.57%,20.57%,7.18%,5.61%
México,2008,Femenino,61285037183508,62.15%,1.99%,25.33%,7.60%,5.70%
México,2008,Masculino,64050347631294,62.15%,1.99%,25.33%,7.60%,5.70%
Nicaragua,2008,Femenino,3711683751618,54.65%,1.66%,19.94%,5.63%,7.17%
Nicaragua,2008,Masculino,3410264874111,54.65%,1.66%,19.94%,5.63%,7.17%
Panamá,2008,Femenino,1807772476062,55.66%,1.52%,19.37%,5.27%,7.05%
Panamá,2008,Masculino,21845063276,55.66%,1.52%,19.37%,5.27%,7.05%
Paraguay,2008,Femenino,3402628914866,49.67%,1.13%,16.84%,4.52%,5.04%
Paraguay,2008,Masculino,378146561708,49.67%,1.13%,16.84%,4.52%,5.04%
Perú,2008,Femenino,8124087138712,54.45%,0.63%,17.06%,3.43%,4.53%
Perú,2008,Masculino,7813599943145,54.45%,0.63%,17.06%,3.43%,4.53%
República Dominicana,2008,Femenino,667816204072,55.46%,2.21%,22.27%,7.32%,4.56%
República Dominicana,2008,Masculino,8655485510349,55.46%,2.21%,22.27%,7.32%,4.56%
San Vicente y las Granadinas,2008,Femenino,172187748096,50.59%,2.33%,19.66%,6.79%,3.88%
San Vicente y las Granadinas,2008,Masculino,141876612967,50.59%,2.33%,19.66%,6.79%,3.88%
Santa Lucía,2008,Femenino,160277224064,44.42%,1.89%,16.27%,5.30%,5.09%
Santa Lucía,2008,Masculino,206270318604,44.42%,1.89%,16.27%,5.30%,5.09%
Surinam,2008,Femenino,465144203295,56.06%,3.00%,23.31%,8.56%,4.75%
Surinam,2008,Masculino,539327762357,56.06%,3.00%,23.31%,8.56%,4.75%
Trindad y Tobago,2008,Femenino,1445846025313,41.53%,1.93%,14.71%,5.02%,3.66%
Trindad y Tobago,2008,Masculino,1707498098347,41.53%,1.93%,14.71%,5.02%,3.66%
Uruguay,2008,Femenino,5257277655367,60.34%,2.29%,24.84%,7.76%,8.13%
Uruguay,2008,Masculino,4648876255995,60.34%,2.29%,24.84%,7.76%,8.13%
"Venezuela, República Bolivariana de",2008,Femenino,16959849807588,61.80%,1.37%,23.33%,6.25%,
"Venezuela, República Bolivariana de",2008,Masculino,21651415300627,61.80%,1.37%,23.33%,6.25%,
Antigua y Barbuda,2009,Femenino,87198552885,45.44%,1.85%,16.35%,5.42%,4.18%
Antigua y Barbuda,2009,Masculino,88068521869,45.44%,1.85%,16.35%,5.42%,4.18%
Argentina,2009,Femenino,45002378002253,60.92%,1.74%,25.64%,7.87%,9.46%
Argentina,2009,Masculino,44661532332885,60.92%,1.74%,25.64%,7.87%,9.46%
Bahamas,2009,Femenino,318780489744,62.27%,3.93%,28.72%,11.08%,5.15%
Bahamas,2009,Masculino,35404308149,62.27%,3.93%,28.72%,11.08%,5.15%
Barbados,2009,Femenino,492433569735,49.35%,2.77%,19.97%,7.37%,7.15%
Barbados,2009,Masculino,3671163196,49.35%,2.77%,19.97%,7.37%,7.15%
Belice,2009,Femenino,124389358172,52.17%,2.87%,21.21%,7.78%,4.53%
Belice,2009,Masculino,148450630236,52.17%,2.87%,21.21%,7.78%,4.53%
"Bolivia, Estado Plurinacional de",2009,Femenino,8161414307877,53.12%,0.97%,17.41%,4.07%,5.17%
"Bolivia, Estado Plurinacional de",2009,Masculino,6943856123813,53.12%,0.97%,17.41%,4.07%,5.17%
Brasil,2009,Femenino,159336640529064,53.74%,1.18%,19.28%,5.39%,8.39%
Brasil,2009,Masculino,176796003101412,53.74%,1.18%,19.28%,5.39%,8.39%
Canadá,2009,Femenino,3390543191277,62.45%,3.06%,26.41%,9.27%,10.66%
Canadá,2009,Masculino,33705722776432,62.45%,3.06%,26.41%,9.27%,10.66%
Chile,2009,Femenino,12221109023638,61.12%,1.94%,25.48%,7.47%,7.25%
Chile,2009,Masculino,12694538757998,61.12%,1.94%,25.48%,7.47%,7.25%
Colombia,2009,Femenino,27596035036954,56.60%,0.98%,19.62%,4.60%,7.31%
Colombia,2009,Masculino,25734164631889,56.60%,0.98%,19.62%,4.60%,7.31%
Costa Rica,2009,Femenino,2171350596588,57.53%,2.05%,21.56%,6.26%,7.86%
Costa Rica,2009,Masculino,2637338069774,57.53%,2.05%,21.56%,6.26%,7.86%
Cuba,2009,Femenino,16317389257347,56.12%,2.38%,22.08%,7.43%,12.29%
Cuba,2009,Masculino,17189568597492,56.12%,2.38%,22.08%,7.43%,12.29%
Ecuador,2009,Femenino,7722154436809,53.39%,0.83%,17.38%,3.84%,5.80%
Ecuador,2009,Masculino,8637493415202,53.39%,0.83%,17.38%,3.84%,5.80%
El Salvador,2009,Femenino,32185272758,56.66%,1.31%,20.76%,5.40%,8.84%
El Salvador,2009,Masculino,308247428921,56.66%,1.31%,20.76%,5.40%,8.84%
Estados Unidos de América,2009,Femenino,396543444366602,66.00%,6.09%,32.65%,14.38%,16.20%
Estados Unidos de América,2009,Masculino,380051059872633,66.00%,6.09%,32.65%,14.38%,16.20%
Granada,2009,Femenino,149405811618,48.06%,2.10%,18.16%,6.20%,5.43%
Granada,2009,Masculino,204425052691,48.06%,2.10%,18.16%,6.20%,5.43%
Guatemala,2009,Femenino,5920598072296,52.41%,1.03%,17.64%,4.38%,6.34%
Guatemala,2009,Masculino,5979408424755,52.41%,1.03%,17.64%,4.38%,6.34%
Guyana,2009,Femenino,1040790867501,45.45%,1.80%,16.61%,5.64%,4.35%
Guyana,2009,Masculino,1133581972373,45.45%,1.80%,16.61%,5.64%,4.35%
Haití,2009,Femenino,15097947442389,48.71%,1.44%,17.43%,5.30%,3.50%
Haití,2009,Masculino,1026093369156,48.71%,1.44%,17.43%,5.30%,3.50%
Honduras,2009,Femenino,5935703037921,51.94%,1.16%,17.81%,4.57%,9.00%
Honduras,2009,Masculino,3846558349689,51.94%,1.16%,17.81%,4.57%,9.00%
Jamaica,2009,Femenino,2069809247412,51.80%,2.71%,21.12%,7.50%,5.15%
Jamaica,2009,Masculino,2897057040204,51.80%,2.71%,21.12%,7.50%,5.15%
México,2009,Femenino,63352360125523,62.72%,2.09%,25.85%,7.89%,6.13%
México,2009,Masculino,65440162813786,62.72%,2.09%,25.85%,7.89%,6.13%
Nicaragua,2009,Femenino,3907748927817,55.30%,1.76%,20.45%,5.89%,7.69%
Nicaragua,2009,Masculino,3480989544184,55.30%,1.76%,20.45%,5.89%,7.69%
Panamá,2009,Femenino,2000684670755,56.27%,1.62%,19.86%,5.52%,7.24%
Panamá,2009,Masculino,2483455199057,56.27%,1.62%,19.86%,5.52%,7.24%
Paraguay,2009,Femenino,3663294655776,50.36%,1.21%,17.35%,4.75%,5.52%
Paraguay,2009,Masculino,4283803322181,50.36%,1.21%,17.35%,4.75%,5.52%
Perú,2009,Femenino,9431839861099,55.04%,0.67%,17.47%,3.59%,4.97%
Perú,2009,Masculino,9123882970854,55.04%,0.67%,17.47%,3.59%,4.97%
República Dominicana,2009,Femenino,721608934007,56.45%,2.36%,23.05%,7.73%,4.76%
República Dominicana,2009,Masculino,9138610908825,56.45%,2.36%,23.05%,7.73%,4.76%
San Vicente y las Granadinas,2009,Femenino,169308649079,51.37%,2.47%,20.26%,7.12%,4.09%
San Vicente y las Granadinas,2009,Masculino,137744354344,51.37%,2.47%,20.26%,7.12%,4.09%
Santa Lucía,2009,Femenino,158137649333,44.90%,1.99%,16.65%,5.52%,5.24%
Santa Lucía,2009,Masculino,205423278612,44.90%,1.99%,16.65%,5.52%,5.24%
Surinam,2009,Femenino,46801656872,56.65%,3.13%,23.79%,8.86%,4.98%
Surinam,2009,Masculino,53417982564,56.65%,3.13%,23.79%,8.86%,4.98%
Trindad y Tobago,2009,Femenino,1309325380782,42.23%,2.05%,15.21%,5.30%,5.49%
Trindad y Tobago,2009,Masculino,1531652108919,42.23%,2.05%,15.21%,5.30%,5.49%
Uruguay,2009,Femenino,5034245924428,60.90%,2.39%,25.32%,8.02%,7.95%
Uruguay,2009,Masculino,4566195221253,60.90%,2.39%,25.32%,8.02%,7.95%
"Venezuela, República Bolivariana de",2009,Femenino,16795789791379,62.23%,1.43%,23.71%,6.45%,
"Venezuela, República Bolivariana de",2009,Masculino,21911723268067,62.23%,1.43%,23.71%,6.45%,
Antigua y Barbuda,2010,Femenino,88228320749,45.97%,1.95%,16.76%,5.66%,5.38%
Antigua y Barbuda,2010,Masculino,92935758726,45.97%,1.95%,16.76%,5.66%,5.38%
Argentina,2010,Femenino,49365720920157,61.45%,1.82%,26.13%,8.15%,9.45%
Argentina,2010,Masculino,474382218066,61.45%,1.82%,26.13%,8.15%,9.45%
Bahamas,2010,Femenino,321743886798,62.82%,4.09%,29.22%,11.42%,5.26%
Bahamas,2010,Masculino,374052889882,62.82%,4.09%,29.22%,11.42%,5.26%
Barbados,2010,Femenino,490526434411,50.00%,2.91%,20.50%,7.69%,6.77%
Barbados,2010,Masculino,356294934549,50.00%,2.91%,20.50%,7.69%,6.77%
Belice,2010,Femenino,13217926399,52.76%,3.01%,21.70%,8.08%,4.50%
Belice,2010,Masculino,162272692826,52.76%,3.01%,21.70%,8.08%,4.50%
"Bolivia, Estado Plurinacional de",2010,Femenino,8464641580782,53.77%,1.03%,17.88%,4.26%,5.20%
"Bolivia, Estado Plurinacional de",2010,Masculino,7150139109591,53.77%,1.03%,17.88%,4.26%,5.20%
Brasil,2010,Femenino,161881538031404,54.39%,1.25%,19.77%,5.63%,7.95%
Brasil,2010,Masculino,18002863461089,54.39%,1.25%,19.77%,5.63%,7.95%
Canadá,2010,Femenino,33539579883623,62.96%,3.20%,26.97%,9.62%,10.68%
Canadá,2010,Masculino,3313057490746,62.96%,3.20%,26.97%,9.62%,10.68%
Chile,2010,Femenino,13420614353906,61.66%,2.03%,25.96%,7.74%,6.82%
Chile,2010,Masculino,13708275596938,61.66%,2.03%,25.96%,7.74%,6.82%
Colombia,2010,Femenino,28655760958663,57.20%,1.05%,20.08%,4.80%,7.07%
Colombia,2010,Masculino,26868734263021,57.20%,1.05%,20.08%,4.80%,7.07%
Costa Rica,2010,Femenino,2515464184795,58.43%,2.21%,22.30%,6.62%,8.03%
Costa Rica,2010,Masculino,3027792934081,58.43%,2.21%,22.30%,6.62%,8.03%
Cuba,2010,Femenino,17181313362014,56.73%,2.50%,22.56%,7.71%,10.69%
Cuba,2010,Masculino,18599191668692,56.73%,2.50%,22.56%,7.71%,10.69%
Ecuador,2010,Femenino,8029589192919,53.98%,0.89%,17.81%,4.02%,6.22%
Ecuador,2010,Masculino,8875682533807,53.98%,0.89%,17.81%,4.02%,6.22%
El Salvador,2010,Femenino,3394550051184,57.36%,1.41%,21.32%,5.67%,8.90%
El Salvador,2010,Masculino,3107055833245,57.36%,1.41%,21.32%,5.67%,8.90%
Estados Unidos de América,2010,Femenino,395266188392615,66.55%,6.34%,33.31%,14.87%,16.20%
Estados Unidos de América,2010,Masculino,379819335531691,66.55%,6.34%,33.31%,14.87%,16.20%
Granada,2010,Femenino,148930018599,48.75%,2.22%,18.68%,6.49%,5.42%
Granada,2010,Masculino,209690938533,48.75%,2.22%,18.68%,6.49%,5.42%
Guatemala,2010,Femenino,6277903595047,53.11%,1.10%,18.16%,4.61%,6.12%
Guatemala,2010,Masculino,6396714609616,53.11%,1.10%,18.16%,4.61%,6.12%
Guyana,2010,Femenino,1044376612709,46.17%,1.92%,17.14%,5.93%,4.22%
Guyana,2010,Masculino,113549438378,46.17%,1.92%,17.14%,5.93%,4.22%
Haití,2010,Femenino,14754056262219,49.89%,1.58%,18.26%,5.70%,4.55%
Haití,2010,Masculino,10226639591684,49.89%,1.58%,18.26%,5.70%,4.55%
Honduras,2010,Femenino,6283735758506,52.73%,1.25%,18.39%,4.83%,8.73%
Honduras,2010,Masculino,404048612668,52.73%,1.25%,18.39%,4.83%,8.73%
Jamaica,2010,Femenino,2067545064434,52.54%,2.85%,21.68%,7.82%,5.30%
Jamaica,2010,Masculino,233496971486,52.54%,2.85%,21.68%,7.82%,5.30%
México,2010,Femenino,67917525443358,63.28%,2.20%,26.36%,8.19%,5.74%
México,2010,Masculino,7022761123388,63.28%,2.20%,26.36%,8.19%,5.74%
Nicaragua,2010,Femenino,37876255978,55.94%,1.87%,20.98%,6.16%,7.71%
Nicaragua,2010,Masculino,3419194177319,55.94%,1.87%,20.98%,6.16%,7.71%
Panamá,2010,Femenino,2000537074457,56.88%,1.72%,20.37%,5.78%,7.49%
Panamá,2010,Masculino,2514893553719,56.88%,1.72%,20.37%,5.78%,7.49%
Paraguay,2010,Femenino,3610123428238,51.05%,1.29%,17.86%,4.99%,5.47%
Paraguay,2010,Masculino,4418797221707,51.05%,1.29%,17.86%,4.99%,5.47%
Perú,2010,Femenino,9880212548157,55.62%,0.71%,17.87%,3.75%,4.72%
Perú,2010,Masculino,9806799889983,55.62%,0.71%,17.87%,3.75%,4.72%
República Dominicana,2010,Femenino,7618337206207,57.44%,2.53%,23.84%,8.16%,4.92%
República Dominicana,2010,Masculino,9241476193623,57.44%,2.53%,23.84%,8.16%,4.92%
San Vicente y las Granadinas,2010,Femenino,167755726801,52.15%,2.62%,20.86%,7.46%,4.30%
San Vicente y las Granadinas,2010,Masculino,142276865548,52.15%,2.62%,20.86%,7.46%,4.30%
Santa Lucía,2010,Femenino,157167766111,45.39%,2.10%,17.03%,5.76%,5.05%
Santa Lucía,2010,Masculino,206427940256,45.39%,2.10%,17.03%,5.76%,5.05%
Surinam,2010,Femenino,465684408078,57.22%,3.27%,24.27%,9.17%,4.70%
Surinam,2010,Masculino,538156367413,57.22%,3.27%,24.27%,9.17%,4.70%
Trindad y Tobago,2010,Femenino,1399445938512,42.94%,2.19%,15.73%,5.59%,5.08%
Trindad y Tobago,2010,Masculino,1648280962401,42.94%,2.19%,15.73%,5.59%,5.08%
Uruguay,2010,Femenino,5416661149176,61.45%,2.50%,25.81%,8.29%,7.91%
Uruguay,2010,Masculino,4616378799875,61.45%,2.50%,25.81%,8.29%,7.91%
"Venezuela, República Bolivariana de",2010,Femenino,18184666904071,62.65%,1.50%,24.10%,6.66%,
"Venezuela, República Bolivariana de",2010,Masculino,23001436379873,62.65%,1.50%,24.10%,6.66%,
Antigua y Barbuda,2011,Femenino,91211905877,46.52%,2.06%,17.17%,5.90%,5.44%
Antigua y Barbuda,2011,Masculino,93672754996,46.52%,2.06%,17.17%,5.90%,5.44%
Argentina,2011,Femenino,49266304607276,61.97%,1.91%,26.63%,8.44%,9.42%
Argentina,2011,Masculino,46874089341586,61.97%,1.91%,26.63%,8.44%,9.42%
Bahamas,2011,Femenino,334859857133,63.36%,4.25%,29.73%,11.76%,5.32%
Bahamas,2011,Masculino,380757056362,63.36%,4.25%,29.73%,11.76%,5.32%
Barbados,2011,Femenino,505142845953,50.65%,3.07%,21.03%,8.02%,6.90%
Barbados,2011,Masculino,353203203519,50.65%,3.07%,21.03%,8.02%,6.90%
Belice,2011,Femenino,13802112779,53.35%,3.16%,22.20%,8.40%,4.55%
Belice,2011,Masculino,163430362886,53.35%,3.16%,22.20%,8.40%,4.55%
"Bolivia, Estado Plurinacional de",2011,Femenino,8890147080947,54.41%,1.09%,18.35%,4.47%,5.17%
"Bolivia, Estado Plurinacional de",2011,Masculino,7542808671819,54.41%,1.09%,18.35%,4.47%,5.17%
Brasil,2011,Femenino,166275618437902,55.05%,1.32%,20.26%,5.87%,7.79%
Brasil,2011,Masculino,183653229316927,55.05%,1.32%,20.26%,5.87%,7.79%
Canadá,2011,Femenino,3282557129725,63.47%,3.35%,27.54%,9.98%,10.38%
Canadá,2011,Masculino,32468124828489,63.47%,3.35%,27.54%,9.98%,10.38%
Chile,2011,Femenino,12555199285008,62.19%,2.13%,26.45%,8.01%,6.80%
Chile,2011,Masculino,13221508971878,62.19%,2.13%,26.45%,8.01%,6.80%
Colombia,2011,Femenino,28572184549901,57.79%,1.11%,20.54%,5.01%,6.78%
Colombia,2011,Masculino,26967848690279,57.79%,1.11%,20.54%,5.01%,6.78%
Costa Rica,2011,Femenino,2442905210618,59.29%,2.36%,23.03%,7.00%,8.12%
Costa Rica,2011,Masculino,2958221043288,59.29%,2.36%,23.03%,7.00%,8.12%
Cuba,2011,Femenino,1604783135656,57.33%,2.63%,23.05%,8.01%,11.31%
Cuba,2011,Masculino,16780834732227,57.33%,2.63%,23.05%,8.01%,11.31%
Ecuador,2011,Femenino,8005142597661,54.57%,0.94%,18.25%,4.21%,6.58%
Ecuador,2011,Masculino,9112743692352,54.57%,0.94%,18.25%,4.21%,6.58%
El Salvador,2011,Femenino,3390524112831,58.04%,1.50%,21.89%,5.95%,8.88%
El Salvador,2011,Masculino,3447016069938,58.04%,1.50%,21.89%,5.95%,8.88%
Estados Unidos de América,2011,Femenino,393242548889458,67.09%,6.61%,33.98%,15.37%,16.14%
Estados Unidos de América,2011,Masculino,381025949537411,67.09%,6.61%,33.98%,15.37%,16.14%
Granada,2011,Femenino,156834111459,49.44%,2.35%,19.21%,6.79%,5.80%
Granada,2011,Masculino,199653373144,49.44%,2.35%,19.21%,6.79%,5.80%
Guatemala,2011,Femenino,6551583578057,53.81%,1.18%,18.70%,4.86%,5.96%
Guatemala,2011,Masculino,6666485426361,53.81%,1.18%,18.70%,4.86%,5.96%
Guyana,2011,Femenino,1059267078041,46.90%,2.06%,17.68%,6.24%,4.17%
Guyana,2011,Masculino,1167207436886,46.90%,2.06%,17.68%,6.24%,4.17%
Haití,2011,Femenino,15781468782259,51.05%,1.73%,19.10%,6.12%,5.91%
Haití,2011,Masculino,10770904902475,51.05%,1.73%,19.10%,6.12%,5.91%
Honduras,2011,Femenino,6810747268088,53.51%,1.35%,18.98%,5.10%,8.79%
Honduras,2011,Masculino,4449797191817,53.51%,1.35%,18.98%,5.10%,8.79%
Jamaica,2011,Femenino,2132223228418,53.29%,3.01%,22.25%,8.16%,5.24%
Jamaica,2011,Masculino,2731002590981,53.29%,3.01%,22.25%,8.16%,5.24%
México,2011,Femenino,67033138983982,63.84%,2.32%,26.88%,8.49%,5.52%
México,2011,Masculino,70394230860852,63.84%,2.32%,26.88%,8.49%,5.52%
Nicaragua,2011,Femenino,4096056150583,56.57%,1.99%,21.52%,6.44%,7.45%
Nicaragua,2011,Masculino,3685411046606,56.57%,1.99%,21.52%,6.44%,7.45%
Panamá,2011,Femenino,2009913269707,57.48%,1.83%,20.88%,6.05%,7.08%
Panamá,2011,Masculino,2533829331167,57.48%,1.83%,20.88%,6.05%,7.08%
Paraguay,2011,Femenino,3656108788842,51.74%,1.37%,18.37%,5.24%,5.82%
Paraguay,2011,Masculino,43182692688,51.74%,1.37%,18.37%,5.24%,5.82%
Perú,2011,Femenino,10092569354699,56.20%,0.76%,18.29%,3.92%,4.54%
Perú,2011,Masculino,10064676675856,56.20%,0.76%,18.29%,3.92%,4.54%
República Dominicana,2011,Femenino,8111834527776,58.41%,2.70%,24.63%,8.59%,5.04%
República Dominicana,2011,Masculino,9944244008086,58.41%,2.70%,24.63%,8.59%,5.04%
San Vicente y las Granadinas,2011,Femenino,166305815689,52.92%,2.78%,21.48%,7.82%,4.23%
San Vicente y las Granadinas,2011,Masculino,145862950423,52.92%,2.78%,21.48%,7.82%,4.23%
Santa Lucía,2011,Femenino,161684713197,45.94%,2.23%,17.47%,6.02%,5.08%
Santa Lucía,2011,Masculino,197962356008,45.94%,2.23%,17.47%,6.02%,5.08%
Surinam,2011,Femenino,470247728742,57.79%,3.41%,24.76%,9.48%,4.41%
Surinam,2011,Masculino,539575500824,57.79%,3.41%,24.76%,9.48%,4.41%
Trindad y Tobago,2011,Femenino,1237888380597,43.65%,2.33%,16.27%,5.89%,4.72%
Trindad y Tobago,2011,Masculino,1546935146356,43.65%,2.33%,16.27%,5.89%,4.72%
Uruguay,2011,Femenino,5284062578965,62.00%,2.61%,26.29%,8.57%,7.95%
Uruguay,2011,Masculino,4589013626362,62.00%,2.61%,26.29%,8.57%,7.95%
"Venezuela, República Bolivariana de",2011,Femenino,19186501866738,63.07%,1.56%,24.48%,6.88%,
"Venezuela, República Bolivariana de",2011,Masculino,24178167877039,63.07%,1.56%,24.48%,6.88%,
Antigua y Barbuda,2012,Femenino,94889942857,47.07%,2.18%,17.61%,6.16%,5.48%
Antigua y Barbuda,2012,Masculino,95390052117,47.07%,2.18%,17.61%,6.16%,5.48%
Argentina,2012,Femenino,47823287017263,62.49%,2.01%,27.13%,8.73%,9.83%
Argentina,2012,Masculino,47151822423906,62.49%,2.01%,27.13%,8.73%,9.83%
Bahamas,2012,Femenino,32608530321,63.90%,4.42%,30.25%,12.12%,5.32%
Bahamas,2012,Masculino,382293506879,63.90%,4.42%,30.25%,12.12%,5.32%
Barbados,2012,Femenino,50326668043,51.31%,3.22%,21.58%,8.36%,7.78%
Barbados,2012,Masculino,357947598371,51.31%,3.22%,21.58%,8.36%,7.78%
Belice,2012,Femenino,137867641774,53.94%,3.31%,22.72%,8.73%,4.36%
Belice,2012,Masculino,166895280581,53.94%,3.31%,22.72%,8.73%,4.36%
"Bolivia, Estado Plurinacional de",2012,Femenino,9239933384224,55.05%,1.16%,18.82%,4.68%,5.25%
"Bolivia, Estado Plurinacional de",2012,Masculino,7813798778633,55.05%,1.16%,18.82%,4.68%,5.25%
Brasil,2012,Femenino,164723614288404,55.70%,1.40%,20.76%,6.12%,7.74%
Brasil,2012,Masculino,181946652804911,55.70%,1.40%,20.76%,6.12%,7.74%
Canadá,2012,Femenino,32741571880282,63.96%,3.51%,28.11%,10.35%,10.51%
Canadá,2012,Masculino,3311866229935,63.96%,3.51%,28.11%,10.35%,10.51%
Chile,2012,Femenino,1349358758087,62.72%,2.23%,26.94%,8.30%,7.02%
Chile,2012,Masculino,138787474806,62.72%,2.23%,26.94%,8.30%,7.02%
Colombia,2012,Femenino,29111926722268,58.38%,1.19%,21.02%,5.24%,6.75%
Colombia,2012,Masculino,28062579045278,58.38%,1.19%,21.02%,5.24%,6.75%
Costa Rica,2012,Femenino,2548298218247,60.14%,2.53%,23.76%,7.39%,7.79%
Costa Rica,2012,Masculino,3140967175367,60.14%,2.53%,23.76%,7.39%,7.79%
Cuba,2012,Femenino,16184000517384,57.94%,2.77%,23.55%,8.32%,9.30%
Cuba,2012,Masculino,17197079173479,57.94%,2.77%,23.55%,8.32%,9.30%
Ecuador,2012,Femenino,8430821549409,55.15%,1.01%,18.69%,4.40%,6.86%
Ecuador,2012,Masculino,9305344737736,55.15%,1.01%,18.69%,4.40%,6.86%
El Salvador,2012,Femenino,3323170779275,58.72%,1.61%,22.46%,6.24%,8.61%
El Salvador,2012,Masculino,3155264234152,58.72%,1.61%,22.46%,6.24%,8.61%
Estados Unidos de América,2012,Femenino,392046059406808,67.62%,6.88%,34.64%,15.87%,16.12%
Estados Unidos de América,2012,Masculino,385060015123704,67.62%,6.88%,34.64%,15.87%,16.12%
Granada,2012,Femenino,159173158432,50.13%,2.48%,19.75%,7.10%,5.82%
Granada,2012,Masculino,163157625568,50.13%,2.48%,19.75%,7.10%,5.82%
Guatemala,2012,Femenino,6846647519316,54.51%,1.27%,19.25%,5.11%,6.07%
Guatemala,2012,Masculino,6926955416231,54.51%,1.27%,19.25%,5.11%,6.07%
Guyana,2012,Femenino,1086959114856,47.64%,2.20%,18.25%,6.57%,3.71%
Guyana,2012,Masculino,1187785545902,47.64%,2.20%,18.25%,6.57%,3.71%
Haití,2012,Femenino,16009318101884,52.18%,1.89%,19.94%,6.55%,5.56%
Haití,2012,Masculino,11072764693761,52.18%,1.89%,19.94%,6.55%,5.56%
Honduras,2012,Femenino,7195243898735,54.29%,1.45%,19.58%,5.39%,8.66%
Honduras,2012,Masculino,6374182323012,54.29%,1.45%,19.58%,5.39%,8.66%
Jamaica,2012,Femenino,2209802560588,54.03%,3.17%,22.84%,8.51%,4.89%
Jamaica,2012,Masculino,2289084677104,54.03%,3.17%,22.84%,8.51%,4.89%
México,2012,Femenino,68842310573356,64.38%,2.43%,27.41%,8.81%,5.67%
México,2012,Masculino,72315324210281,64.38%,2.43%,27.41%,8.81%,5.67%
Nicaragua,2012,Femenino,4257989975832,57.21%,2.11%,22.06%,6.74%,7.49%
Nicaragua,2012,Masculino,3876081033984,57.21%,2.11%,22.06%,6.74%,7.49%
Panamá,2012,Femenino,1957767027101,58.09%,1.95%,21.40%,6.33%,6.74%
Panamá,2012,Masculino,2512267376554,58.09%,1.95%,21.40%,6.33%,6.74%
Paraguay,2012,Femenino,3630879841979,52.42%,1.46%,18.90%,5.50%,6.53%
Paraguay,2012,Masculino,43166541106,52.42%,1.46%,18.90%,5.50%,6.53%
Perú,2012,Femenino,10348912256065,56.77%,0.80%,18.71%,4.09%,4.73%
Perú,2012,Masculino,1029927913444,56.77%,0.80%,18.71%,4.09%,4.73%
República Dominicana,2012,Femenino,8773338344448,59.35%,2.88%,25.43%,9.04%,5.05%
República Dominicana,2012,Masculino,11033686282633,59.35%,2.88%,25.43%,9.04%,5.05%
San Vicente y las Granadinas,2012,Femenino,163536933603,53.69%,2.94%,22.11%,8.19%,4.45%
San Vicente y las Granadinas,2012,Masculino,156499850534,53.69%,2.94%,22.11%,8.19%,4.45%
Santa Lucía,2012,Femenino,170240251956,46.54%,2.37%,17.95%,6.31%,4.92%
Santa Lucía,2012,Masculino,20678500194,46.54%,2.37%,17.95%,6.31%,4.92%
Surinam,2012,Femenino,479480687999,58.36%,3.56%,25.25%,9.81%,4.28%
Surinam,2012,Masculino,55437631526,58.36%,3.56%,25.25%,9.81%,4.28%
Trindad y Tobago,2012,Femenino,1300639707958,44.37%,2.48%,16.81%,6.21%,4.63%
Trindad y Tobago,2012,Masculino,1535616414827,44.37%,2.48%,16.81%,6.21%,4.63%
Uruguay,2012,Femenino,5399380419056,62.54%,2.72%,26.78%,8.85%,8.07%
Uruguay,2012,Masculino,4544156650392,62.54%,2.72%,26.78%,8.85%,8.07%
"Venezuela, República Bolivariana de",2012,Femenino,19034849671661,63.49%,1.64%,24.87%,7.10%,
"Venezuela, República Bolivariana de",2012,Masculino,24642614045573,63.49%,1.64%,24.87%,7.10%,
Antigua y Barbuda,2013,Femenino,100541972453,47.64%,2.30%,18.06%,6.43%,5.51%
Antigua y Barbuda,2013,Masculino,94005110099,47.64%,2.30%,18.06%,6.43%,5.51%
Argentina,2013,Femenino,47230901240237,63.01%,2.11%,27.63%,9.04%,9.78%
Argentina,2013,Masculino,46394046931641,63.01%,2.11%,27.63%,9.04%,9.78%
Bahamas,2013,Femenino,331679734888,64.44%,4.59%,30.77%,12.49%,5.59%
Bahamas,2013,Masculino,363947250064,64.44%,4.59%,30.77%,12.49%,5.59%
Barbados,2013,Femenino,52308129144,51.97%,3.39%,22.15%,8.71%,7.40%
Barbados,2013,Masculino,370103407868,51.97%,3.39%,22.15%,8.71%,7.40%
Belice,2013,Femenino,140805771889,54.54%,3.48%,23.24%,9.07%,4.44%
Belice,2013,Masculino,1732915994,54.54%,3.48%,23.24%,9.07%,4.44%
"Bolivia, Estado Plurinacional de",2013,Femenino,962861245604,55.69%,1.24%,19.31%,4.89%,5.57%
"Bolivia, Estado Plurinacional de",2013,Masculino,8171615344461,55.69%,1.24%,19.31%,4.89%,5.57%
Brasil,2013,Femenino,16665351636829,56.35%,1.48%,21.27%,6.38%,7.98%
Brasil,2013,Masculino,185020109082998,56.35%,1.48%,21.27%,6.38%,7.98%
Canadá,2013,Femenino,33544066815101,64.46%,3.67%,28.69%,10.72%,10.41%
Canadá,2013,Masculino,33751826180373,64.46%,3.67%,28.69%,10.72%,10.41%
Chile,2013,Femenino,13394289136332,63.24%,2.34%,27.43%,8.59%,7.48%
Chile,2013,Masculino,14207714844721,63.24%,2.34%,27.43%,8.59%,7.48%
Colombia,2013,Femenino,30059101736196,58.96%,1.26%,21.50%,5.47%,7.02%
Colombia,2013,Masculino,28695633209683,58.96%,1.26%,21.50%,5.47%,7.02%
Costa Rica,2013,Femenino,2613064836739,60.96%,2.70%,24.49%,7.78%,7.68%
Costa Rica,2013,Masculino,2984645845963,60.96%,2.70%,24.49%,7.78%,7.68%
Cuba,2013,Femenino,16243670176814,58.53%,2.91%,24.05%,8.64%,10.43%
Cuba,2013,Masculino,17805846145936,58.53%,2.91%,24.05%,8.64%,10.43%
Ecuador,2013,Femenino,8347640713165,55.74%,1.07%,19.14%,4.61%,6.88%
Ecuador,2013,Masculino,9193745584609,55.74%,1.07%,19.14%,4.61%,6.88%
El Salvador,2013,Femenino,3396627945569,59.39%,1.72%,23.04%,6.54%,9.05%
El Salvador,2013,Masculino,3039535443791,59.39%,1.72%,23.04%,6.54%,9.05%
Estados Unidos de América,2013,Femenino,392138585184433,68.14%,7.15%,35.31%,16.38%,15.99%
Estados Unidos de América,2013,Masculino,394445807364632,68.14%,7.15%,35.31%,16.38%,15.99%
Granada,2013,Femenino,167747181055,50.82%,2.62%,20.31%,7.42%,5.63%
Granada,2013,Masculino,167352471729,50.82%,2.62%,20.31%,7.42%,5.63%
Guatemala,2013,Femenino,7155682112439,55.20%,1.36%,19.81%,5.38%,5.77%
Guatemala,2013,Masculino,714686387645,55.20%,1.36%,19.81%,5.38%,5.77%
Guyana,2013,Femenino,1111145369312,48.39%,2.34%,18.83%,6.91%,3.80%
Guyana,2013,Masculino,1214307938988,48.39%,2.34%,18.83%,6.91%,3.80%
Haití,2013,Femenino,16228497853445,53.28%,2.06%,20.78%,6.99%,4.11%
Haití,2013,Masculino,11303221210294,53.28%,2.06%,20.78%,6.99%,4.11%
Honduras,2013,Femenino,7484987468237,55.06%,1.56%,20.19%,5.69%,8.48%
Honduras,2013,Masculino,6638566580637,55.06%,1.56%,20.19%,5.69%,8.48%
Jamaica,2013,Femenino,2288916527533,54.77%,3.33%,23.44%,8.87%,4.95%
Jamaica,2013,Masculino,2306947464416,54.77%,3.33%,23.44%,8.87%,4.95%
México,2013,Femenino,70405043344411,64.93%,2.56%,27.94%,9.13%,5.81%
México,2013,Masculino,74733859447826,64.93%,2.56%,27.94%,9.13%,5.81%
Nicaragua,2013,Femenino,4359567195369,57.84%,2.24%,22.62%,7.04%,7.64%
Nicaragua,2013,Masculino,4113157397209,57.84%,2.24%,22.62%,7.04%,7.64%
Panamá,2013,Femenino,2143465253706,58.69%,2.07%,21.93%,6.62%,6.76%
Panamá,2013,Masculino,2675929923789,58.69%,2.07%,21.93%,6.62%,6.76%
Paraguay,2013,Femenino,3768475055521,53.10%,1.56%,19.43%,5.77%,6.06%
Paraguay,2013,Masculino,4388860410378,53.10%,1.56%,19.43%,5.77%,6.06%
Perú,2013,Femenino,10623671002627,57.34%,0.85%,19.14%,4.27%,4.75%
Perú,2013,Masculino,10526974740627,57.34%,0.85%,19.14%,4.27%,4.75%
República Dominicana,2013,Femenino,9570394483731,60.28%,3.06%,26.22%,9.50%,4.92%
República Dominicana,2013,Masculino,12092158163993,60.28%,3.06%,26.22%,9.50%,4.92%
San Vicente y las Granadinas,2013,Femenino,165999822539,54.46%,3.11%,22.75%,8.57%,4.24%
San Vicente y las Granadinas,2013,Masculino,165725879105,54.46%,3.11%,22.75%,8.57%,4.24%
Santa Lucía,2013,Femenino,17713847094,47.19%,2.52%,18.48%,6.62%,5.05%
Santa Lucía,2013,Masculino,217662110147,47.19%,2.52%,18.48%,6.62%,5.05%
Surinam,2013,Femenino,493568775965,58.92%,3.72%,25.75%,10.14%,4.49%
Surinam,2013,Masculino,574843874706,58.92%,3.72%,25.75%,10.14%,4.49%
Trindad y Tobago,2013,Femenino,1280975015468,45.10%,2.64%,17.38%,6.54%,4.80%
Trindad y Tobago,2013,Masculino,159954182627,45.10%,2.64%,17.38%,6.54%,4.80%
Uruguay,2013,Femenino,5095809373659,63.08%,2.84%,27.28%,9.14%,8.12%
Uruguay,2013,Masculino,4340475968963,63.08%,2.84%,27.28%,9.14%,8.12%
"Venezuela, República Bolivariana de",2013,Femenino,19109600459924,63.90%,1.71%,25.26%,7.33%,
"Venezuela, República Bolivariana de",2013,Masculino,24436685649965,63.90%,1.71%,25.26%,7.33%,
Antigua y Barbuda,2014,Femenino,100026854617,48.22%,2.44%,18.53%,6.72%,5.87%
Antigua y Barbuda,2014,Masculino,100060253548,48.22%,2.44%,18.53%,6.72%,5.87%
Argentina,2014,Femenino,46121722898558,63.52%,2.22%,28.15%,9.35%,9.67%
Argentina,2014,Masculino,45128200756473,63.52%,2.22%,28.15%,9.35%,9.67%
Bahamas,2014,Femenino,325841745402,64.98%,4.77%,31.30%,12.86%,5.54%
Bahamas,2014,Masculino,378289026242,64.98%,4.77%,31.30%,12.86%,5.54%
Barbados,2014,Femenino,52068389494,52.63%,3.57%,22.72%,9.08%,6.97%
Barbados,2014,Masculino,375941053416,52.63%,3.57%,22.72%,9.08%,6.97%
Belice,2014,Femenino,147134443938,55.15%,3.65%,23.79%,9.43%,4.88%
Belice,2014,Masculino,189232174456,55.15%,3.65%,23.79%,9.43%,4.88%
"Bolivia, Estado Plurinacional de",2014,Femenino,10071231062547,56.32%,1.32%,19.80%,5.12%,5.90%
"Bolivia, Estado Plurinacional de",2014,Masculino,858214215651,56.32%,1.32%,19.80%,5.12%,5.90%
Brasil,2014,Femenino,166910006287864,56.99%,1.56%,21.78%,6.65%,8.40%
Brasil,2014,Masculino,185560287881521,56.99%,1.56%,21.78%,6.65%,8.40%
Canadá,2014,Femenino,34031764655355,64.95%,3.84%,29.27%,11.11%,10.26%
Canadá,2014,Masculino,34475402235111,64.95%,3.84%,29.27%,11.11%,10.26%
Chile,2014,Femenino,13985785250623,63.76%,2.45%,27.92%,8.89%,7.84%
Chile,2014,Masculino,14230608789944,63.76%,2.45%,27.92%,8.89%,7.84%
Colombia,2014,Femenino,32012992727544,59.54%,1.34%,21.99%,5.71%,7.19%
Colombia,2014,Masculino,30325649767,59.54%,1.34%,21.99%,5.71%,7.19%
Costa Rica,2014,Femenino,2698180165432,61.76%,2.88%,25.22%,8.19%,7.66%
Costa Rica,2014,Masculino,3263684496997,61.76%,2.88%,25.22%,8.19%,7.66%
Cuba,2014,Femenino,17099099698013,59.13%,3.06%,24.57%,8.98%,12.14%
Cuba,2014,Masculino,18522867163984,59.13%,3.06%,24.57%,8.98%,12.14%
Ecuador,2014,Femenino,8362406335556,56.32%,1.14%,19.60%,4.82%,6.83%
Ecuador,2014,Masculino,9047705335226,56.32%,1.14%,19.60%,4.82%,6.83%
El Salvador,2014,Femenino,3481615528137,60.05%,1.83%,23.62%,6.85%,8.60%
El Salvador,2014,Masculino,3355781704838,60.05%,1.83%,23.62%,6.85%,8.60%
Estados Unidos de América,2014,Femenino,390809192663011,68.66%,7.43%,35.98%,16.90%,16.20%
Estados Unidos de América,2014,Masculino,398620061264708,68.66%,7.43%,35.98%,16.90%,16.20%
Granada,2014,Femenino,158268629588,51.52%,2.77%,20.87%,7.76%,4.77%
Granada,2014,Masculino,171612249391,51.52%,2.77%,20.87%,7.76%,4.77%
Guatemala,2014,Femenino,7375709409677,55.90%,1.46%,20.38%,5.66%,5.89%
Guatemala,2014,Masculino,7449727136515,55.90%,1.46%,20.38%,5.66%,5.89%
Guyana,2014,Femenino,1121139198412,49.14%,2.50%,19.43%,7.27%,3.95%
Guyana,2014,Masculino,1193854066849,49.14%,2.50%,19.43%,7.27%,3.95%
Haití,2014,Femenino,16542609671292,54.36%,2.24%,21.64%,7.45%,4.52%
Haití,2014,Masculino,11559590186812,54.36%,2.24%,21.64%,7.45%,4.52%
Honduras,2014,Femenino,7738041713776,55.83%,1.67%,20.81%,5.99%,7.91%
Honduras,2014,Masculino,6913585900186,55.83%,1.67%,20.81%,5.99%,7.91%
Jamaica,2014,Femenino,2558402010505,55.52%,3.51%,24.05%,9.25%,5.17%
Jamaica,2014,Masculino,2555887688404,55.52%,3.51%,24.05%,9.25%,5.17%
México,2014,Femenino,74949899892343,65.46%,2.68%,28.47%,9.46%,5.55%
México,2014,Masculino,80047089676102,65.46%,2.68%,28.47%,9.46%,5.55%
Nicaragua,2014,Femenino,4641943937167,58.48%,2.37%,23.18%,7.36%,7.98%
Nicaragua,2014,Masculino,4256698557192,58.48%,2.37%,23.18%,7.36%,7.98%
Panamá,2014,Femenino,2142517482238,59.29%,2.20%,22.47%,6.92%,7.17%
Panamá,2014,Masculino,277034476793,59.29%,2.20%,22.47%,6.92%,7.17%
Paraguay,2014,Femenino,3552317293852,53.77%,1.66%,19.98%,6.05%,6.63%
Paraguay,2014,Masculino,4304949957592,53.77%,1.66%,19.98%,6.05%,6.63%
Perú,2014,Femenino,10620822185285,57.90%,0.90%,19.57%,4.46%,4.96%
Perú,2014,Masculino,1043733793139,57.90%,0.90%,19.57%,4.46%,4.96%
República Dominicana,2014,Femenino,10445620396706,61.19%,3.26%,27.01%,9.97%,4.80%
República Dominicana,2014,Masculino,13562388442786,61.19%,3.26%,27.01%,9.97%,4.80%
San Vicente y las Granadinas,2014,Femenino,160580652166,55.22%,3.29%,23.40%,8.96%,4.18%
San Vicente y las Granadinas,2014,Masculino,165769358701,55.22%,3.29%,23.40%,8.96%,4.18%
Santa Lucía,2014,Femenino,179092596739,47.89%,2.68%,19.04%,6.96%,4.62%
Santa Lucía,2014,Masculino,228787802351,47.89%,2.68%,19.04%,6.96%,4.62%
Surinam,2014,Femenino,507773958451,59.48%,3.88%,26.26%,10.49%,4.52%
Surinam,2014,Masculino,591060059214,59.48%,3.88%,26.26%,10.49%,4.52%
Trindad y Tobago,2014,Femenino,1248231932842,45.82%,2.80%,17.96%,6.89%,4.87%
Trindad y Tobago,2014,Masculino,1588428350767,45.82%,2.80%,17.96%,6.89%,4.87%
Uruguay,2014,Femenino,4875043372665,63.62%,2.97%,27.78%,9.45%,8.07%
Uruguay,2014,Masculino,4210939236829,63.62%,2.97%,27.78%,9.45%,8.07%
"Venezuela, República Bolivariana de",2014,Femenino,2145137938797,64.30%,1.79%,25.66%,7.57%,
"Venezuela, República Bolivariana de",2014,Masculino,26570416143651,64.30%,1.79%,25.66%,7.57%,
Antigua y Barbuda,2015,Femenino,102046583231,48.80%,2.58%,19.02%,7.02%,5.28%
Antigua y Barbuda,2015,Masculino,9807055714,48.80%,2.58%,19.02%,7.02%,5.28%
Argentina,2015,Femenino,47736263820957,64.03%,2.33%,28.66%,9.68%,10.23%
Argentina,2015,Masculino,46674066175051,64.03%,2.33%,28.66%,9.68%,10.23%
Bahamas,2015,Femenino,342101303255,65.51%,4.96%,31.84%,13.25%,5.16%
Bahamas,2015,Masculino,407359153302,65.51%,4.96%,31.84%,13.25%,5.16%
Barbados,2015,Femenino,523124784769,53.30%,3.75%,23.31%,9.47%,6.83%
Barbados,2015,Masculino,379382820112,53.30%,3.75%,23.31%,9.47%,6.83%
Belice,2015,Femenino,147787600004,55.76%,3.83%,24.34%,9.80%,4.65%
Belice,2015,Masculino,201212464416,55.76%,3.83%,24.34%,9.80%,4.65%
"Bolivia, Estado Plurinacional de",2015,Femenino,10426332783957,56.95%,1.40%,20.31%,5.36%,6.55%
"Bolivia, Estado Plurinacional de",2015,Masculino,892282353993,56.95%,1.40%,20.31%,5.36%,6.55%
Brasil,2015,Femenino,171642342922464,57.63%,1.65%,22.31%,6.93%,8.91%
Brasil,2015,Masculino,18944113318936,57.63%,1.65%,22.31%,6.93%,8.91%
Canadá,2015,Femenino,3457676857853,65.44%,4.01%,29.86%,11.51%,10.74%
Canadá,2015,Masculino,34970769667822,65.44%,4.01%,29.86%,11.51%,10.74%
Chile,2015,Femenino,14147918288989,64.27%,2.57%,28.43%,9.20%,8.35%
Chile,2015,Masculino,1422310213498,64.27%,2.57%,28.43%,9.20%,8.35%
Colombia,2015,Femenino,33938953695527,60.12%,1.43%,22.49%,5.96%,7.52%
Colombia,2015,Masculino,32450365469098,60.12%,1.43%,22.49%,5.96%,7.52%
Costa Rica,2015,Femenino,2497541588902,62.55%,3.06%,25.96%,8.61%,7.59%
Costa Rica,2015,Masculino,3174775427628,62.55%,3.06%,25.96%,8.61%,7.59%
Cuba,2015,Femenino,17493284237452,59.73%,3.22%,25.09%,9.33%,12.81%
Cuba,2015,Masculino,18847607357319,59.73%,3.22%,25.09%,9.33%,12.81%
Ecuador,2015,Femenino,8697085124436,56.89%,1.22%,20.06%,5.05%,7.61%
Ecuador,2015,Masculino,9333993480073,56.89%,1.22%,20.06%,5.05%,7.61%
El Salvador,2015,Femenino,4629259566594,60.70%,1.96%,24.21%,7.17%,8.76%
El Salvador,2015,Masculino,4626170649086,60.70%,1.96%,24.21%,7.17%,8.76%
Estados Unidos de América,2015,Femenino,404277091666009,69.17%,7.72%,36.65%,17.42%,16.49%
Estados Unidos de América,2015,Masculino,409923930977612,69.17%,7.72%,36.65%,17.42%,16.49%
Granada,2015,Femenino,15983457055,52.21%,2.93%,21.45%,8.11%,4.65%
Granada,2015,Masculino,163544692673,52.21%,2.93%,21.45%,8.11%,4.65%
Guatemala,2015,Femenino,7697223002487,56.59%,1.56%,20.97%,5.95%,6.01%
Guatemala,2015,Masculino,7756351153295,56.59%,1.56%,20.97%,5.95%,6.01%
Guyana,2015,Femenino,1161120137165,49.91%,2.67%,20.05%,7.64%,4.02%
Guyana,2015,Masculino,1263040341458,49.91%,2.67%,20.05%,7.64%,4.02%
Haití,2015,Femenino,16847420510761,55.43%,2.43%,22.49%,7.93%,5.08%
Haití,2015,Masculino,11829302749242,55.43%,2.43%,22.49%,7.93%,5.08%
Honduras,2015,Femenino,8033930683844,56.59%,1.80%,21.44%,6.32%,7.48%
Honduras,2015,Masculino,7290823270743,56.59%,1.80%,21.44%,6.32%,7.48%
Jamaica,2015,Femenino,258551452002,56.26%,3.69%,24.67%,9.64%,5.62%
Jamaica,2015,Masculino,2575165507323,56.26%,3.69%,24.67%,9.64%,5.62%
México,2015,Femenino,78766570682422,65.99%,2.82%,29.01%,9.81%,5.72%
México,2015,Masculino,84806602760899,65.99%,2.82%,29.01%,9.81%,5.72%
Nicaragua,2015,Femenino,47115507366,59.11%,2.51%,23.76%,7.69%,7.96%
Nicaragua,2015,Masculino,4108107026705,59.11%,2.51%,23.76%,7.69%,7.96%
Panamá,2015,Femenino,2252039465888,59.88%,2.34%,23.02%,7.24%,7.19%
Panamá,2015,Masculino,2751426590063,59.88%,2.34%,23.02%,7.24%,7.19%
Paraguay,2015,Femenino,3563027297982,54.45%,1.77%,20.53%,6.34%,6.69%
Paraguay,2015,Masculino,4361440127652,54.45%,1.77%,20.53%,6.34%,6.69%
Perú,2015,Femenino,1062305304146,58.47%,0.96%,20.01%,4.66%,4.96%
Perú,2015,Masculino,1044124888048,58.47%,0.96%,20.01%,4.66%,4.96%
República Dominicana,2015,Femenino,11246956459096,62.07%,3.46%,27.81%,10.45%,4.72%
República Dominicana,2015,Masculino,14502660156052,62.07%,3.46%,27.81%,10.45%,4.72%
San Vicente y las Granadinas,2015,Femenino,157289452858,55.99%,3.48%,24.06%,9.37%,4.11%
San Vicente y las Granadinas,2015,Masculino,171064311229,55.99%,3.48%,24.06%,9.37%,4.11%
Santa Lucía,2015,Femenino,182500634715,48.61%,2.86%,19.65%,7.33%,4.51%
Santa Lucía,2015,Masculino,232769184687,48.61%,2.86%,19.65%,7.33%,4.51%
Surinam,2015,Femenino,528844196606,60.05%,4.05%,26.78%,10.85%,5.81%
Surinam,2015,Masculino,617884938919,60.05%,4.05%,26.78%,10.85%,5.81%
Trindad y Tobago,2015,Femenino,1224144697086,46.56%,2.98%,18.55%,7.25%,5.65%
Trindad y Tobago,2015,Masculino,1576130695173,46.56%,2.98%,18.55%,7.25%,5.65%
Uruguay,2015,Femenino,5281354532558,64.15%,3.10%,28.28%,9.76%,8.29%
Uruguay,2015,Masculino,4414267247101,64.15%,3.10%,28.28%,9.76%,8.29%
"Venezuela, República Bolivariana de",2015,Femenino,20629520432434,64.71%,1.88%,26.07%,7.82%,
"Venezuela, República Bolivariana de",2015,Masculino,25470579116175,64.71%,1.88%,26.07%,7.82%,
Antigua y Barbuda,2016,Femenino,104182414051,49.41%,2.73%,19.53%,7.34%,5.12%
Antigua y Barbuda,2016,Masculino,100526447344,49.41%,2.73%,19.53%,7.34%,5.12%
Argentina,2016,Femenino,50661102202588,64.53%,2.44%,29.18%,10.01%,9.86%
Argentina,2016,Masculino,49957693117139,64.53%,2.44%,29.18%,10.01%,9.86%
Bahamas,2016,Femenino,354126340191,66.04%,5.16%,32.39%,13.65%,5.68%
Bahamas,2016,Masculino,432617226551,66.04%,5.16%,32.39%,13.65%,5.68%
Barbados,2016,Femenino,532216705722,53.97%,3.94%,23.92%,9.87%,6.84%
Barbados,2016,Masculino,394141229355,53.97%,3.94%,23.92%,9.87%,6.84%
Belice,2016,Femenino,152256643849,56.38%,4.02%,24.92%,10.20%,4.77%
Belice,2016,Masculino,205421256558,56.38%,4.02%,24.92%,10.20%,4.77%
"Bolivia, Estado Plurinacional de",2016,Femenino,10841057399322,57.58%,1.49%,20.81%,5.61%,6.83%
"Bolivia, Estado Plurinacional de",2016,Masculino,9377609228207,57.58%,1.49%,20.81%,5.61%,6.83%
Brasil,2016,Femenino,176538224432995,58.26%,1.74%,22.84%,7.22%,9.17%
Brasil,2016,Masculino,197721302100769,58.26%,1.74%,22.84%,7.22%,9.17%
Canadá,2016,Femenino,34044830197089,65.93%,4.19%,30.46%,11.92%,11.03%
Canadá,2016,Masculino,35508492216185,65.93%,4.19%,30.46%,11.92%,11.03%
Chile,2016,Femenino,13940888494864,64.77%,2.70%,28.93%,9.52%,8.56%
Chile,2016,Masculino,14355057927026,64.77%,2.70%,28.93%,9.52%,8.56%
Colombia,2016,Femenino,33626748225912,60.69%,1.52%,22.99%,6.22%,7.53%
Colombia,2016,Masculino,33342650590654,60.69%,1.52%,22.99%,6.22%,7.53%
Costa Rica,2016,Femenino,2642467547105,63.31%,3.26%,26.68%,9.04%,7.32%
Costa Rica,2016,Masculino,321176462691,63.31%,3.26%,26.68%,9.04%,7.32%
Cuba,2016,Femenino,17090505934473,60.32%,3.40%,25.63%,9.69%,12.22%
Cuba,2016,Masculino,19062303243306,60.32%,3.40%,25.63%,9.69%,12.22%
Ecuador,2016,Femenino,899978851024,57.47%,1.30%,20.54%,5.28%,7.42%
Ecuador,2016,Masculino,9805916344197,57.47%,1.30%,20.54%,5.28%,7.42%
El Salvador,2016,Femenino,3754546893707,61.35%,2.09%,24.81%,7.51%,8.71%
El Salvador,2016,Masculino,3752478746805,61.35%,2.09%,24.81%,7.51%,8.71%
Estados Unidos de América,2016,Femenino,40265146437697,69.68%,8.02%,37.32%,17.96%,16.80%
Estados Unidos de América,2016,Masculino,418369922413909,69.68%,8.02%,37.32%,17.96%,16.80%
Granada,2016,Femenino,161356435827,52.91%,3.09%,22.05%,8.47%,4.44%
Granada,2016,Masculino,169976105397,52.91%,3.09%,22.05%,8.47%,4.44%
Guatemala,2016,Femenino,7863737816054,57.28%,1.67%,21.56%,6.26%,6.07%
Guatemala,2016,Masculino,7836811946887,57.28%,1.67%,21.56%,6.26%,6.07%
Guyana,2016,Femenino,1207111172415,50.67%,2.86%,20.69%,8.04%,4.02%
Guyana,2016,Masculino,131628685277,50.67%,2.86%,20.69%,8.04%,4.02%
Haití,2016,Femenino,17085571862115,56.46%,2.63%,23.35%,8.42%,4.81%
Haití,2016,Masculino,12081265144723,56.46%,2.63%,23.35%,8.42%,4.81%
Honduras,2016,Femenino,8114705606091,57.34%,1.93%,22.08%,6.65%,7.71%
Honduras,2016,Masculino,6459188231704,57.34%,1.93%,22.08%,6.65%,7.71%
Jamaica,2016,Femenino,2593867701016,57.00%,3.88%,25.30%,10.05%,5.70%
Jamaica,2016,Masculino,2580993705421,57.00%,3.88%,25.30%,10.05%,5.70%
México,2016,Femenino,82436445276897,66.52%,2.96%,29.55%,10.16%,5.55%
México,2016,Masculino,89548101548728,66.52%,2.96%,29.55%,10.16%,5.55%
Nicaragua,2016,Femenino,4834461226076,59.73%,2.66%,24.35%,8.04%,8.05%
Nicaragua,2016,Masculino,4539141256975,59.73%,2.66%,24.35%,8.04%,8.05%
Panamá,2016,Femenino,2398017374468,60.48%,2.48%,23.59%,7.57%,7.35%
Panamá,2016,Masculino,2881392048769,60.48%,2.48%,23.59%,7.57%,7.35%
Paraguay,2016,Femenino,3784650349341,55.12%,1.88%,21.10%,6.65%,6.68%
Paraguay,2016,Masculino,4882021223999,55.12%,1.88%,21.10%,6.65%,6.68%
Perú,2016,Femenino,11019733451652,59.02%,1.02%,20.45%,4.86%,4.96%
Perú,2016,Masculino,10837943867945,59.02%,1.02%,20.45%,4.86%,4.96%
República Dominicana,2016,Femenino,11713314969695,62.92%,3.67%,28.59%,10.94%,4.58%
República Dominicana,2016,Masculino,15087992347478,62.92%,3.67%,28.59%,10.94%,4.58%
San Vicente y las Granadinas,2016,Femenino,153526462834,56.74%,3.68%,24.73%,9.79%,4.10%
San Vicente y las Granadinas,2016,Masculino,161942514977,56.74%,3.68%,24.73%,9.79%,4.10%
Santa Lucía,2016,Femenino,200310813539,49.37%,3.05%,20.29%,7.73%,4.45%
Santa Lucía,2016,Masculino,250052782936,49.37%,3.05%,20.29%,7.73%,4.45%
Surinam,2016,Femenino,56826593408,60.61%,4.23%,27.32%,11.22%,5.99%
Surinam,2016,Masculino,659112580145,60.61%,4.23%,27.32%,11.22%,5.99%
Trindad y Tobago,2016,Femenino,1230814706869,47.30%,3.16%,19.16%,7.63%,6.51%
Trindad y Tobago,2016,Masculino,1587525053182,47.30%,3.16%,19.16%,7.63%,6.51%
Uruguay,2016,Femenino,5227061704619,64.67%,3.24%,28.79%,10.08%,8.68%
Uruguay,2016,Masculino,4574757326747,64.67%,3.24%,28.79%,10.08%,8.68%
"Venezuela, República Bolivariana de",2016,Femenino,21496660618142,65.11%,1.97%,26.48%,8.07%,
"Venezuela, República Bolivariana de",2016,Masculino,26126038093517,65.11%,1.97%,26.48%,8.07%,
