ISOAlpha3,Country,Sex,Year,Prevalence BMI ≥25 kg/m² (overweight and obesity),Prevalence of BMI >=40 kg/m²(morbid obesity),Prevalence of BMI>=30 kg/m² (obesity),Prevalence of BMI>=35 kg/m² (severe obesity)
ATG,Antigua and Barbuda,Men,2000,0.332324945,0.001949073,0.071386587,0.010142537
ATG,Antigua and Barbuda,Men,2001,0.337611744,0.002164839,0.073923575,0.010868331
ATG,Antigua and Barbuda,Men,2002,0.342814262,0.002401587,0.076486120,0.011632323
ATG,Antigua and Barbuda,Men,2003,0.347948200,0.002660517,0.079078003,0.012436689
ATG,Antigua and Barbuda,Men,2004,0.353012395,0.002943934,0.081700561,0.013285561
ATG,Antigua and Barbuda,Men,2005,0.358007046,0.003253777,0.084362573,0.014185606
ATG,Antigua and Barbuda,Men,2006,0.362960501,0.003591671,0.087085841,0.015139544
ATG,Antigua and Barbuda,Men,2007,0.367865041,0.003960536,0.089877718,0.016152403
ATG,Antigua and Barbuda,Men,2008,0.372776602,0.004363515,0.092752933,0.017231596
ATG,Antigua and Barbuda,Men,2009,0.377688716,0.004802756,0.095715982,0.018381687
ATG,Antigua and Barbuda,Men,2010,0.382622804,0.005288046,0.098781817,0.019615096
ATG,Antigua and Barbuda,Men,2011,0.387676240,0.005825257,0.101997254,0.020948938
ATG,Antigua and Barbuda,Men,2012,0.392857515,0.006417181,0.105383470,0.022389478
ATG,Antigua and Barbuda,Men,2013,0.398146568,0.007072672,0.108949836,0.023953511
ATG,Antigua and Barbuda,Men,2014,0.403555552,0.007803004,0.112705917,0.025656206
ATG,Antigua and Barbuda,Men,2015,0.409097838,0.008616265,0.116661491,0.027502457
ATG,Antigua and Barbuda,Men,2016,0.414866994,0.009527140,0.120878285,0.029528956
ARG,Argentina,Men,2000,0.576188168,0.004244688,0.197699418,0.035525630
ARG,Argentina,Men,2001,0.583101044,0.004603273,0.202538269,0.037382533
ARG,Argentina,Men,2002,0.589971819,0.004987508,0.207427090,0.039312233
ARG,Argentina,Men,2003,0.596825248,0.005400772,0.212387667,0.041321624
ARG,Argentina,Men,2004,0.603657255,0.005844652,0.217420367,0.043408311
ARG,Argentina,Men,2005,0.610441958,0.006321016,0.222510065,0.045582197
ARG,Argentina,Men,2006,0.617158150,0.006828578,0.227666508,0.047842281
ARG,Argentina,Men,2007,0.623806803,0.007370398,0.232878568,0.050196184
ARG,Argentina,Men,2008,0.630402461,0.007949520,0.238149031,0.052642027
ARG,Argentina,Men,2009,0.636918564,0.008565384,0.243487822,0.055190026
ARG,Argentina,Men,2010,0.643363803,0.009226146,0.248862536,0.057828017
ARG,Argentina,Men,2011,0.649736523,0.009936822,0.254284351,0.060567040
ARG,Argentina,Men,2012,0.656040688,0.010696807,0.259759485,0.063410583
ARG,Argentina,Men,2013,0.662258882,0.011515125,0.265290676,0.066368259
ARG,Argentina,Men,2014,0.668408542,0.012399544,0.270897159,0.069457030
ARG,Argentina,Men,2015,0.674488190,0.013355296,0.276579940,0.072670601
ARG,Argentina,Men,2016,0.680483265,0.014381548,0.282312710,0.076016675
BHS,Bahamas,Men,2000,0.506965831,0.007329373,0.165061600,0.034713013
BHS,Bahamas,Men,2001,0.514693265,0.008027685,0.170078637,0.036838078
BHS,Bahamas,Men,2002,0.522309599,0.008778715,0.175134753,0.039047861
BHS,Bahamas,Men,2003,0.529831669,0.009587126,0.180229698,0.041346441
BHS,Bahamas,Men,2004,0.537266290,0.010454868,0.185360353,0.043739003
BHS,Bahamas,Men,2005,0.544609243,0.011387191,0.190527864,0.046231199
BHS,Bahamas,Men,2006,0.551851301,0.012384500,0.195751366,0.048821033
BHS,Bahamas,Men,2007,0.558996540,0.013442978,0.201035550,0.051515853
BHS,Bahamas,Men,2008,0.566071910,0.014566068,0.206377064,0.054312262
BHS,Bahamas,Men,2009,0.573082456,0.015760898,0.211789795,0.057230416
BHS,Bahamas,Men,2010,0.580044936,0.017039113,0.217288220,0.060272982
BHS,Bahamas,Men,2011,0.587003158,0.018409874,0.222911009,0.063465493
BHS,Bahamas,Men,2012,0.593950379,0.019876362,0.228665268,0.066811599
BHS,Bahamas,Men,2013,0.600845110,0.021446922,0.234536086,0.070321082
BHS,Bahamas,Men,2014,0.607727237,0.023123268,0.240550452,0.073998098
BHS,Bahamas,Men,2015,0.614603860,0.024918797,0.246710519,0.077852503
BHS,Bahamas,Men,2016,0.621459376,0.026846328,0.253023355,0.081903479
BRB,Barbados,Men,2000,0.356230268,0.002713545,0.084017284,0.013803938
BRB,Barbados,Men,2001,0.363163577,0.003040501,0.087637843,0.014927632
BRB,Barbados,Men,2002,0.369966830,0.003395956,0.091293167,0.016110564
BRB,Barbados,Men,2003,0.376659647,0.003782504,0.094994149,0.017356669
BRB,Barbados,Men,2004,0.383280366,0.004202203,0.098751623,0.018673500
BRB,Barbados,Men,2005,0.389819161,0.004656913,0.102568102,0.020062907
BRB,Barbados,Men,2006,0.396317434,0.005148448,0.106464083,0.021529177
BRB,Barbados,Men,2007,0.402786310,0.005680561,0.110449727,0.023080681
BRB,Barbados,Men,2008,0.409241710,0.006256851,0.114531017,0.024722390
BRB,Barbados,Men,2009,0.415701564,0.006880845,0.118733604,0.026470252
BRB,Barbados,Men,2010,0.422165519,0.007557710,0.123055565,0.028324123
BRB,Barbados,Men,2011,0.428713596,0.008297849,0.127544120,0.030306488
BRB,Barbados,Men,2012,0.435348320,0.009102957,0.132201506,0.032421333
BRB,Barbados,Men,2013,0.442019628,0.009986139,0.137026416,0.034685771
BRB,Barbados,Men,2014,0.448760635,0.010954367,0.142041410,0.037109968
BRB,Barbados,Men,2015,0.455575231,0.012018234,0.147243830,0.039708345
BRB,Barbados,Men,2016,0.462516904,0.013185912,0.152687757,0.042504051
BLZ,Belize,Men,2000,0.392417104,0.003711556,0.101070186,0.017721816
BLZ,Belize,Men,2001,0.399467891,0.004121485,0.104920469,0.019036033
BLZ,Belize,Men,2002,0.406368695,0.004566901,0.108790261,0.020409313
BLZ,Belize,Men,2003,0.413142414,0.005049210,0.112672032,0.021844877
BLZ,Belize,Men,2004,0.419797892,0.005574588,0.116580026,0.023352774
BLZ,Belize,Men,2005,0.426324499,0.006142907,0.120515526,0.024932972
BLZ,Belize,Men,2006,0.432746516,0.006755203,0.124513609,0.026589181
BLZ,Belize,Men,2007,0.439076197,0.007416869,0.128582346,0.028333354
BLZ,Belize,Men,2008,0.445351664,0.008132522,0.132728924,0.030170743
BLZ,Belize,Men,2009,0.451614084,0.008908839,0.136981497,0.032120295
BLZ,Belize,Men,2010,0.457855356,0.009749370,0.141338455,0.034182848
BLZ,Belize,Men,2011,0.464183166,0.010668458,0.145858473,0.036382950
BLZ,Belize,Men,2012,0.470605312,0.011667661,0.150555212,0.038728552
BLZ,Belize,Men,2013,0.477070932,0.012759584,0.155425279,0.041231593
BLZ,Belize,Men,2014,0.483604158,0.013946882,0.160479938,0.043901191
BLZ,Belize,Men,2015,0.490217236,0.015244524,0.165724006,0.046751240
BLZ,Belize,Men,2016,0.496972028,0.016670715,0.171222038,0.049818477
BMU,Bermuda,Men,2000,0.573751994,0.011228059,0.212799784,0.051129369
BMU,Bermuda,Men,2001,0.580508116,0.012125131,0.217629122,0.053620023
BMU,Bermuda,Men,2002,0.587223244,0.013088440,0.222524215,0.056216397
BMU,Bermuda,Men,2003,0.593918022,0.014115995,0.227493243,0.058917014
BMU,Bermuda,Men,2004,0.600583560,0.015212980,0.232539836,0.061737237
BMU,Bermuda,Men,2005,0.607191618,0.016375999,0.237647082,0.064667217
BMU,Bermuda,Men,2006,0.613744863,0.017608999,0.242824096,0.067700817
BMU,Bermuda,Men,2007,0.620223545,0.018912269,0.248077443,0.070850070
BMU,Bermuda,Men,2008,0.626641087,0.020290272,0.253406088,0.074109440
BMU,Bermuda,Men,2009,0.632995500,0.021741545,0.258802942,0.077484207
BMU,Bermuda,Men,2010,0.639288725,0.023272487,0.264268851,0.080972608
BMU,Bermuda,Men,2011,0.645533241,0.024894428,0.269822136,0.084597675
BMU,Bermuda,Men,2012,0.651744681,0.026612645,0.275470367,0.088363247
BMU,Bermuda,Men,2013,0.657889364,0.028434524,0.281214702,0.092286237
BMU,Bermuda,Men,2014,0.663996565,0.030363205,0.287078812,0.096372418
BMU,Bermuda,Men,2015,0.670051239,0.032409982,0.293037342,0.100620344
BMU,Bermuda,Men,2016,0.676046806,0.034573725,0.299094283,0.105036485
BOL,"Bolivia, Plurinational State of",Men,2000,0.418871958,0.001010984,0.085536246,0.006758005
BOL,"Bolivia, Plurinational State of",Men,2001,0.426563138,0.001130332,0.088992424,0.007333660
BOL,"Bolivia, Plurinational State of",Men,2002,0.434181791,0.001261040,0.092494831,0.007948737
BOL,"Bolivia, Plurinational State of",Men,2003,0.441762488,0.001405426,0.096068760,0.008604098
BOL,"Bolivia, Plurinational State of",Men,2004,0.449315728,0.001564067,0.099701253,0.009302994
BOL,"Bolivia, Plurinational State of",Men,2005,0.456850133,0.001739499,0.103411878,0.010056065
BOL,"Bolivia, Plurinational State of",Men,2006,0.464377765,0.001932248,0.107207087,0.010861513
BOL,"Bolivia, Plurinational State of",Men,2007,0.471892374,0.002145194,0.111091478,0.011726121
BOL,"Bolivia, Plurinational State of",Men,2008,0.479367592,0.002380377,0.115065388,0.012653035
BOL,"Bolivia, Plurinational State of",Men,2009,0.486819073,0.002640648,0.119145549,0.013649426
BOL,"Bolivia, Plurinational State of",Men,2010,0.494250069,0.002928275,0.123326342,0.014718829
BOL,"Bolivia, Plurinational State of",Men,2011,0.501653938,0.003244676,0.127602285,0.015865599
BOL,"Bolivia, Plurinational State of",Men,2012,0.509032847,0.003594605,0.131987701,0.017098045
BOL,"Bolivia, Plurinational State of",Men,2013,0.516371310,0.003982660,0.136479990,0.018420334
BOL,"Bolivia, Plurinational State of",Men,2014,0.523687608,0.004412143,0.141100672,0.019840426
BOL,"Bolivia, Plurinational State of",Men,2015,0.531003535,0.004887888,0.145848609,0.021366447
BOL,"Bolivia, Plurinational State of",Men,2016,0.538273329,0.005414315,0.150710543,0.023004192
BRA,Brazil,Men,2000,0.464065425,0.002099433,0.114481532,0.015446114
BRA,Brazil,Men,2001,0.473036702,0.002337400,0.119118198,0.016661864
BRA,Brazil,Men,2002,0.481815926,0.002591659,0.123743595,0.017921107
BRA,Brazil,Men,2003,0.490434325,0.002862892,0.128356952,0.019228120
BRA,Brazil,Men,2004,0.498914781,0.003152530,0.132970995,0.020584632
BRA,Brazil,Men,2005,0.507269378,0.003460669,0.137603501,0.021998013
BRA,Brazil,Men,2006,0.515520611,0.003789243,0.142266909,0.023473190
BRA,Brazil,Men,2007,0.523663791,0.004138959,0.146945640,0.025014665
BRA,Brazil,Men,2008,0.531706000,0.004512279,0.151653515,0.026626425
BRA,Brazil,Men,2009,0.539668632,0.004911213,0.156436273,0.028323894
BRA,Brazil,Men,2010,0.547587801,0.005338673,0.161294765,0.030107405
BRA,Brazil,Men,2011,0.555479603,0.005800042,0.166232367,0.031985588
BRA,Brazil,Men,2012,0.563314622,0.006296417,0.171251231,0.033956784
BRA,Brazil,Men,2013,0.571082573,0.006834368,0.176360995,0.036036815
BRA,Brazil,Men,2014,0.578805272,0.007420530,0.181592626,0.038239857
BRA,Brazil,Men,2015,0.586476257,0.008059605,0.186928751,0.040562291
BRA,Brazil,Men,2016,0.594070943,0.008752734,0.192358597,0.043006767
CAN,Canada,Men,2000,0.632232109,0.011026346,0.206389996,0.046675260
CAN,Canada,Men,2001,0.638820390,0.011968941,0.212689430,0.049615403
CAN,Canada,Men,2002,0.645176088,0.012937962,0.218944556,0.052620173
CAN,Canada,Men,2003,0.651312747,0.013935735,0.225140452,0.055684804
CAN,Canada,Men,2004,0.657224370,0.014955732,0.231277857,0.058794583
CAN,Canada,Men,2005,0.662900105,0.015997244,0.237358135,0.061956333
CAN,Canada,Men,2006,0.668375331,0.017059055,0.243385804,0.065161757
CAN,Canada,Men,2007,0.673691345,0.018139212,0.249395741,0.068420383
CAN,Canada,Men,2008,0.678862518,0.019251380,0.255392967,0.071734934
CAN,Canada,Men,2009,0.683891046,0.020395544,0.261389804,0.075113486
CAN,Canada,Men,2010,0.688818896,0.021585903,0.267398710,0.078578476
CAN,Canada,Men,2011,0.693697295,0.022829316,0.273455305,0.082142657
CAN,Canada,Men,2012,0.698503698,0.024130051,0.279560408,0.085813493
CAN,Canada,Men,2013,0.703259003,0.025492941,0.285717038,0.089597960
CAN,Canada,Men,2014,0.707988514,0.026929301,0.291965513,0.093517789
CAN,Canada,Men,2015,0.712687604,0.028447026,0.298293898,0.097578066
CAN,Canada,Men,2016,0.717345852,0.030048297,0.304713445,0.101793656
CHL,Chile,Men,2000,0.557999413,0.003181407,0.177660716,0.027184531
CHL,Chile,Men,2001,0.565202805,0.003485789,0.182354741,0.028733402
CHL,Chile,Men,2002,0.572347820,0.003816770,0.187072488,0.030338132
CHL,Chile,Men,2003,0.579458454,0.004176130,0.191830852,0.032005841
CHL,Chile,Men,2004,0.586493154,0.004566034,0.196611323,0.033737432
CHL,Chile,Men,2005,0.593459241,0.004990284,0.201437844,0.035542363
CHL,Chile,Men,2006,0.600342100,0.005450102,0.206294897,0.037421027
CHL,Chile,Men,2007,0.607147284,0.005948314,0.211178632,0.039378717
CHL,Chile,Men,2008,0.613887156,0.006486386,0.216107779,0.041414143
CHL,Chile,Men,2009,0.620552731,0.007067027,0.221101371,0.043548029
CHL,Chile,Men,2010,0.627150510,0.007697613,0.226136793,0.045776065
CHL,Chile,Men,2011,0.633671064,0.008380545,0.231193365,0.048098815
CHL,Chile,Men,2012,0.640109395,0.009115161,0.236294988,0.050518030
CHL,Chile,Men,2013,0.646451788,0.009915042,0.241444927,0.053053427
CHL,Chile,Men,2014,0.652725084,0.010787742,0.246676584,0.055718592
CHL,Chile,Men,2015,0.658930737,0.011732700,0.251978447,0.058505145
CHL,Chile,Men,2016,0.665062460,0.012756678,0.257334656,0.061428457
COL,Colombia,Men,2000,0.469516552,0.001754037,0.111378449,0.013608196
COL,Colombia,Men,2001,0.477116713,0.001938249,0.115309624,0.014594094
COL,Colombia,Men,2002,0.484644024,0.002139105,0.119296589,0.015634951
COL,Colombia,Men,2003,0.492114431,0.002359421,0.123341662,0.016733711
COL,Colombia,Men,2004,0.499521419,0.002600009,0.127453409,0.017896767
COL,Colombia,Men,2005,0.506883613,0.002860641,0.131627234,0.019127795
COL,Colombia,Men,2006,0.514172425,0.003142576,0.135860516,0.020426130
COL,Colombia,Men,2007,0.521405993,0.003447586,0.140148568,0.021796460
COL,Colombia,Men,2008,0.528575721,0.003779097,0.144513228,0.023247760
COL,Colombia,Men,2009,0.535669123,0.004137245,0.148958857,0.024784721
COL,Colombia,Men,2010,0.542707011,0.004526461,0.153494361,0.026408799
COL,Colombia,Men,2011,0.549702575,0.004950000,0.158129654,0.028131494
COL,Colombia,Men,2012,0.556661439,0.005409799,0.162848080,0.029953091
COL,Colombia,Men,2013,0.563572407,0.005908572,0.167667147,0.031880254
COL,Colombia,Men,2014,0.570453616,0.006454931,0.172589367,0.033924762
COL,Colombia,Men,2015,0.577295240,0.007053708,0.177637183,0.036096746
COL,Colombia,Men,2016,0.584093976,0.007710828,0.182811838,0.038402306
CRI,Costa Rica,Men,2000,0.457303943,0.003725659,0.109611165,0.015594763
CRI,Costa Rica,Men,2001,0.467218416,0.004188328,0.114991451,0.017077331
CRI,Costa Rica,Men,2002,0.477318143,0.004708236,0.120646107,0.018700801
CRI,Costa Rica,Men,2003,0.487591028,0.005289678,0.126571200,0.020474568
CRI,Costa Rica,Men,2004,0.498009672,0.005940535,0.132754071,0.022407666
CRI,Costa Rica,Men,2005,0.508511666,0.006662143,0.139176065,0.024505661
CRI,Costa Rica,Men,2006,0.518978039,0.007454629,0.145775154,0.026754886
CRI,Costa Rica,Men,2007,0.529384168,0.008322742,0.152534622,0.029164890
CRI,Costa Rica,Men,2008,0.539722813,0.009271133,0.159450795,0.031741024
CRI,Costa Rica,Men,2009,0.549963887,0.010299255,0.166522271,0.034490388
CRI,Costa Rica,Men,2010,0.560085653,0.011413582,0.173717693,0.037414887
CRI,Costa Rica,Men,2011,0.569979576,0.012610508,0.180964579,0.040490680
CRI,Costa Rica,Men,2012,0.579655220,0.013894920,0.188271137,0.043725148
CRI,Costa Rica,Men,2013,0.589126249,0.015271400,0.195651003,0.047125484
CRI,Costa Rica,Men,2014,0.598433946,0.016752467,0.203123764,0.050715970
CRI,Costa Rica,Men,2015,0.607604945,0.018346820,0.210710399,0.054502718
CRI,Costa Rica,Men,2016,0.616501144,0.020045607,0.218308081,0.058450447
CUB,Cuba,Men,2000,0.440963930,0.004546958,0.117282606,0.020956968
CUB,Cuba,Men,2001,0.448739017,0.005035782,0.121449579,0.022460591
CUB,Cuba,Men,2002,0.456511542,0.005573548,0.125719942,0.024057968
CUB,Cuba,Men,2003,0.464297857,0.006164861,0.130079389,0.025754357
CUB,Cuba,Men,2004,0.472094939,0.006813383,0.134539890,0.027558406
CUB,Cuba,Men,2005,0.479863547,0.007522343,0.139091655,0.029470241
CUB,Cuba,Men,2006,0.487583701,0.008291493,0.143739822,0.031487399
CUB,Cuba,Men,2007,0.495238827,0.009124520,0.148484649,0.033619679
CUB,Cuba,Men,2008,0.502854806,0.010026771,0.153323706,0.035869763
CUB,Cuba,Men,2009,0.510435116,0.011001692,0.158276268,0.038247597
CUB,Cuba,Men,2010,0.517988805,0.012060758,0.163343139,0.040763962
CUB,Cuba,Men,2011,0.525537843,0.013210661,0.168534739,0.043432580
CUB,Cuba,Men,2012,0.533085452,0.014452788,0.173860937,0.046259486
CUB,Cuba,Men,2013,0.540598207,0.015800218,0.179338726,0.049251796
CUB,Cuba,Men,2014,0.548108648,0.017256684,0.184973744,0.052419710
CUB,Cuba,Men,2015,0.555626222,0.018837391,0.190764614,0.055780643
CUB,Cuba,Men,2016,0.563139237,0.020561466,0.196740506,0.059360479
DMA,Dominica,Men,2000,0.436629314,0.003632362,0.121441080,0.018589610
DMA,Dominica,Men,2001,0.444291511,0.004030021,0.125714505,0.019937823
DMA,Dominica,Men,2002,0.452010766,0.004469461,0.130109038,0.021377208
DMA,Dominica,Men,2003,0.459815232,0.004954000,0.134638900,0.022913278
DMA,Dominica,Men,2004,0.467685445,0.005487555,0.139286410,0.024551726
DMA,Dominica,Men,2005,0.475595601,0.006073481,0.144064815,0.026302004
DMA,Dominica,Men,2006,0.483598188,0.006717098,0.149014123,0.028175590
DMA,Dominica,Men,2007,0.491647090,0.007422873,0.154128854,0.030179898
DMA,Dominica,Men,2008,0.499741420,0.008195739,0.159397855,0.032313543
DMA,Dominica,Men,2009,0.507868371,0.009041428,0.164827024,0.034591281
DMA,Dominica,Men,2010,0.516014133,0.009967941,0.170409155,0.037017541
DMA,Dominica,Men,2011,0.524144463,0.010973411,0.176127781,0.039593034
DMA,Dominica,Men,2012,0.532269711,0.012067739,0.181979018,0.042328177
DMA,Dominica,Men,2013,0.540359959,0.013261002,0.187975444,0.045234195
DMA,Dominica,Men,2014,0.548435643,0.014565504,0.194134031,0.048324715
DMA,Dominica,Men,2015,0.556484472,0.015989386,0.200446589,0.051609572
DMA,Dominica,Men,2016,0.564497791,0.017539142,0.206916932,0.055106873
DOM,Dominican Republic,Men,2000,0.409414266,0.002381275,0.102936680,0.015531355
DOM,Dominican Republic,Men,2001,0.419486137,0.002725269,0.108179651,0.017021547
DOM,Dominican Republic,Men,2002,0.429901134,0.003120053,0.113742932,0.018664171
DOM,Dominican Republic,Men,2003,0.440620062,0.003571185,0.119617627,0.020468718
DOM,Dominican Republic,Men,2004,0.451561630,0.004083398,0.125779385,0.022442678
DOM,Dominican Republic,Men,2005,0.462657394,0.004660099,0.132201810,0.024589027
DOM,Dominican Republic,Men,2006,0.473964022,0.005310098,0.138938882,0.026925145
DOM,Dominican Republic,Men,2007,0.485408407,0.006039343,0.145962663,0.029462334
DOM,Dominican Republic,Men,2008,0.496969913,0.006854155,0.153253665,0.032207686
DOM,Dominican Republic,Men,2009,0.508591788,0.007761997,0.160795036,0.035168834
DOM,Dominican Republic,Men,2010,0.520258155,0.008775720,0.168579002,0.038352555
DOM,Dominican Republic,Men,2011,0.531768987,0.009890932,0.176479874,0.041728657
DOM,Dominican Republic,Men,2012,0.543130411,0.011111330,0.184496868,0.045303213
DOM,Dominican Republic,Men,2013,0.554308375,0.012446923,0.192632612,0.049083286
DOM,Dominican Republic,Men,2014,0.565329680,0.013909015,0.200899927,0.053085589
DOM,Dominican Republic,Men,2015,0.576188975,0.015507488,0.209300600,0.057316979
DOM,Dominican Republic,Men,2016,0.586711112,0.017242217,0.217707579,0.061737944
ECU,Ecuador,Men,2000,0.431900923,0.001129685,0.091226442,0.008321710
ECU,Ecuador,Men,2001,0.439419839,0.001261188,0.094769653,0.009003481
ECU,Ecuador,Men,2002,0.446819354,0.001405813,0.098343722,0.009724832
ECU,Ecuador,Men,2003,0.454116389,0.001564767,0.101948922,0.010489041
ECU,Ecuador,Men,2004,0.461308672,0.001740077,0.105582033,0.011299703
ECU,Ecuador,Men,2005,0.468406975,0.001933045,0.109255195,0.012164806
ECU,Ecuador,Men,2006,0.475392152,0.002145348,0.112963583,0.013079024
ECU,Ecuador,Men,2007,0.482283203,0.002378699,0.116716514,0.014049180
ECU,Ecuador,Men,2008,0.489091164,0.002635276,0.120524035,0.015079087
ECU,Ecuador,Men,2009,0.495814916,0.002917815,0.124396041,0.016174570
ECU,Ecuador,Men,2010,0.502493673,0.003229466,0.128352776,0.017343231
ECU,Ecuador,Men,2011,0.509161140,0.003574410,0.132408447,0.018594682
ECU,Ecuador,Men,2012,0.515809341,0.003955939,0.136573567,0.019935964
ECU,Ecuador,Men,2013,0.522430948,0.004378194,0.140844734,0.021376187
ECU,Ecuador,Men,2014,0.529035780,0.004849172,0.145242462,0.022927850
ECU,Ecuador,Men,2015,0.535637217,0.005374662,0.149777242,0.024594647
ECU,Ecuador,Men,2016,0.542280829,0.005962670,0.154459274,0.026394504
SLV,El Salvador,Men,2000,0.457026719,0.002797791,0.109916516,0.014065042
SLV,El Salvador,Men,2001,0.466633826,0.003138970,0.115098591,0.015363401
SLV,El Salvador,Men,2002,0.475945368,0.003509736,0.120264268,0.016727338
SLV,El Salvador,Men,2003,0.484979955,0.003909622,0.125410978,0.018154881
SLV,El Salvador,Men,2004,0.493764133,0.004340530,0.130545333,0.019650339
SLV,El Salvador,Men,2005,0.502312904,0.004804221,0.135670958,0.021218481
SLV,El Salvador,Men,2006,0.510642201,0.005300909,0.140805583,0.022861084
SLV,El Salvador,Men,2007,0.518806754,0.005833002,0.145952060,0.024587331
SLV,El Salvador,Men,2008,0.526814846,0.006403831,0.151136460,0.026402507
SLV,El Salvador,Men,2009,0.534692511,0.007014077,0.156392963,0.028317596
SLV,El Salvador,Men,2010,0.542500566,0.007672130,0.161742849,0.030339159
SLV,El Salvador,Men,2011,0.550218496,0.008381702,0.167187791,0.032479492
SLV,El Salvador,Men,2012,0.557863471,0.009146391,0.172719051,0.034740843
SLV,El Salvador,Men,2013,0.565421361,0.009973296,0.178365414,0.037136303
SLV,El Salvador,Men,2014,0.572920159,0.010867879,0.184116408,0.039678476
SLV,El Salvador,Men,2015,0.580356138,0.011835768,0.189989137,0.042363497
SLV,El Salvador,Men,2016,0.587727359,0.012890730,0.195983905,0.045210606
GRD,Grenada,Men,2000,0.338339672,0.001428749,0.073519073,0.009518311
GRD,Grenada,Men,2001,0.345725396,0.001616360,0.076969321,0.010352771
GRD,Grenada,Men,2002,0.353035346,0.001824532,0.080469239,0.011237623
GRD,Grenada,Men,2003,0.360290656,0.002054457,0.084024851,0.012177176
GRD,Grenada,Men,2004,0.367500340,0.002308176,0.087646106,0.013175567
GRD,Grenada,Men,2005,0.374640861,0.002586611,0.091319395,0.014236150
GRD,Grenada,Men,2006,0.381706150,0.002890934,0.095057927,0.015358113
GRD,Grenada,Men,2007,0.388706718,0.003225059,0.098871579,0.016549351
GRD,Grenada,Men,2008,0.395662283,0.003591766,0.102766952,0.017813480
GRD,Grenada,Men,2009,0.402591714,0.003995182,0.106757715,0.019160810
GRD,Grenada,Men,2010,0.409513485,0.004439868,0.110861750,0.020598625
GRD,Grenada,Men,2011,0.416492378,0.004930427,0.115102122,0.022143955
GRD,Grenada,Men,2012,0.423521653,0.005472231,0.119490076,0.023803357
GRD,Grenada,Men,2013,0.430576531,0.006075078,0.124030022,0.025586766
GRD,Grenada,Men,2014,0.437687818,0.006745110,0.128754554,0.027515143
GRD,Grenada,Men,2015,0.444871640,0.007491567,0.133655640,0.029593232
GRD,Grenada,Men,2016,0.452170241,0.008325164,0.138781115,0.031842247
GTM,Guatemala,Men,2000,0.410196617,0.001100312,0.085164662,0.009290128
GTM,Guatemala,Men,2001,0.417902882,0.001235586,0.088844325,0.010074646
GTM,Guatemala,Men,2002,0.425591629,0.001386514,0.092624677,0.010915691
GTM,Guatemala,Men,2003,0.433265625,0.001554691,0.096493708,0.011816059
GTM,Guatemala,Men,2004,0.440919444,0.001742380,0.100454345,0.012776683
GTM,Guatemala,Men,2005,0.448528674,0.001950711,0.104506439,0.013803573
GTM,Guatemala,Men,2006,0.456102101,0.002181411,0.108646824,0.014895881
GTM,Guatemala,Men,2007,0.463643332,0.002436430,0.112885545,0.016063263
GTM,Guatemala,Men,2008,0.471146892,0.002719004,0.117223551,0.017313754
GTM,Guatemala,Men,2009,0.478616042,0.003030860,0.121678254,0.018648964
GTM,Guatemala,Men,2010,0.486069647,0.003375113,0.126243934,0.020074700
GTM,Guatemala,Men,2011,0.493537682,0.003756728,0.130952047,0.021605008
GTM,Guatemala,Men,2012,0.501018516,0.004180611,0.135792769,0.023247040
GTM,Guatemala,Men,2013,0.508489790,0.004649776,0.140778921,0.025004819
GTM,Guatemala,Men,2014,0.515971507,0.005168703,0.145912076,0.026890885
GTM,Guatemala,Men,2015,0.523467539,0.005746401,0.151212858,0.028914998
GTM,Guatemala,Men,2016,0.530970890,0.006387376,0.156666510,0.031086567
GUY,Guyana,Men,2000,0.317375009,0.002480776,0.065992312,0.010334191
GUY,Guyana,Men,2001,0.323708484,0.002781163,0.068950922,0.011212627
GUY,Guyana,Men,2002,0.330102865,0.003116569,0.072033438,0.012162100
GUY,Guyana,Men,2003,0.336593850,0.003489685,0.075237270,0.013186576
GUY,Guyana,Men,2004,0.343174776,0.003904619,0.078566090,0.014293364
GUY,Guyana,Men,2005,0.349805937,0.004364150,0.082014900,0.015485943
GUY,Guyana,Men,2006,0.356529623,0.004872104,0.085620832,0.016773558
GUY,Guyana,Men,2007,0.363324791,0.005432986,0.089384107,0.018165339
GUY,Guyana,Men,2008,0.370202587,0.006053315,0.093307854,0.019670205
GUY,Guyana,Men,2009,0.377157118,0.006738138,0.097402955,0.021296806
GUY,Guyana,Men,2010,0.384191675,0.007494225,0.101661880,0.023051350
GUY,Guyana,Men,2011,0.391394947,0.008332048,0.106128951,0.024955726
GUY,Guyana,Men,2012,0.398739304,0.009257349,0.110816876,0.027019263
GUY,Guyana,Men,2013,0.406210749,0.010280654,0.115729431,0.029254280
GUY,Guyana,Men,2014,0.413836795,0.011412936,0.120882533,0.031675970
GUY,Guyana,Men,2015,0.421604755,0.012662968,0.126284212,0.034296388
GUY,Guyana,Men,2016,0.429517577,0.014047429,0.131954006,0.037143553
HTI,Haiti,Men,2000,0.333759615,0.002007466,0.071645398,0.010205798
HTI,Haiti,Men,2001,0.343316067,0.002312027,0.076025852,0.011326643
HTI,Haiti,Men,2002,0.353557511,0.002669715,0.080850000,0.012608765
HTI,Haiti,Men,2003,0.364459980,0.003087615,0.086120497,0.014066937
HTI,Haiti,Men,2004,0.375950552,0.003574119,0.091844079,0.015720209
HTI,Haiti,Men,2005,0.387963911,0.004137426,0.098011981,0.017584501
HTI,Haiti,Men,2006,0.400361860,0.004784021,0.104594508,0.019659229
HTI,Haiti,Men,2007,0.413055883,0.005520349,0.111565486,0.021959121
HTI,Haiti,Men,2008,0.425988182,0.006354371,0.118906259,0.024492581
HTI,Haiti,Men,2009,0.439083278,0.007295194,0.126592702,0.027271664
HTI,Haiti,Men,2010,0.452253669,0.008350269,0.134589180,0.030301044
HTI,Haiti,Men,2011,0.465265502,0.009517603,0.142757746,0.033551315
HTI,Haiti,Men,2012,0.478111663,0.010804760,0.151095796,0.037029823
HTI,Haiti,Men,2013,0.490778942,0.012224084,0.159617549,0.040748634
HTI,Haiti,Men,2014,0.503314831,0.013781859,0.168339700,0.044724008
HTI,Haiti,Men,2015,0.515736812,0.015498254,0.177265310,0.048972246
HTI,Haiti,Men,2016,0.527857361,0.017367939,0.186275272,0.053458520
HND,Honduras,Men,2000,0.400784153,0.001405608,0.084047565,0.009520435
HND,Honduras,Men,2001,0.409084415,0.001580204,0.087964025,0.010366374
HND,Honduras,Men,2002,0.417413934,0.001774661,0.092015884,0.011279052
HND,Honduras,Men,2003,0.425786662,0.001991020,0.096193962,0.012259512
HND,Honduras,Men,2004,0.434206110,0.002231823,0.100515080,0.013315100
HND,Honduras,Men,2005,0.442652138,0.002498221,0.104960782,0.014450477
HND,Honduras,Men,2006,0.451122111,0.002791917,0.109539373,0.015667036
HND,Honduras,Men,2007,0.459608851,0.003115268,0.114233882,0.016970160
HND,Honduras,Men,2008,0.468091973,0.003472817,0.119059767,0.018371075
HND,Honduras,Men,2009,0.476572443,0.003865536,0.124024146,0.019874307
HND,Honduras,Men,2010,0.485053060,0.004296978,0.129123965,0.021486040
HND,Honduras,Men,2011,0.493511475,0.004770619,0.134349220,0.023210931
HND,Honduras,Men,2012,0.501923977,0.005290736,0.139686798,0.025048678
HND,Honduras,Men,2013,0.510284214,0.005860931,0.145147500,0.027007601
HND,Honduras,Men,2014,0.518606863,0.006489718,0.150743461,0.029106063
HND,Honduras,Men,2015,0.526898747,0.007183454,0.156496693,0.031351499
HND,Honduras,Men,2016,0.535148356,0.007950524,0.162391185,0.033747782
JAM,Jamaica,Men,2000,0.354794691,0.001586743,0.081690994,0.011271454
JAM,Jamaica,Men,2001,0.362846837,0.001813011,0.085417492,0.012260993
JAM,Jamaica,Men,2002,0.370974933,0.002070961,0.089275028,0.013329811
JAM,Jamaica,Men,2003,0.379199251,0.002363905,0.093255002,0.014483041
JAM,Jamaica,Men,2004,0.387504854,0.002695839,0.097370090,0.015732231
JAM,Jamaica,Men,2005,0.395862045,0.003069376,0.101616927,0.017079964
JAM,Jamaica,Men,2006,0.404263832,0.003488639,0.106008838,0.018530020
JAM,Jamaica,Men,2007,0.412683603,0.003957981,0.110535460,0.020090063
JAM,Jamaica,Men,2008,0.421140081,0.004481757,0.115199634,0.021762948
JAM,Jamaica,Men,2009,0.429608447,0.005065353,0.120006834,0.023563013
JAM,Jamaica,Men,2010,0.438106224,0.005717975,0.124964954,0.025496430
JAM,Jamaica,Men,2011,0.446676522,0.006446860,0.130101361,0.027584849
JAM,Jamaica,Men,2012,0.455330571,0.007258239,0.135435859,0.029834433
JAM,Jamaica,Men,2013,0.464007438,0.008163495,0.140961500,0.032260616
JAM,Jamaica,Men,2014,0.472721736,0.009172217,0.146706659,0.034879788
JAM,Jamaica,Men,2015,0.481493957,0.010296418,0.152676651,0.037698414
JAM,Jamaica,Men,2016,0.490353347,0.011548005,0.158876273,0.040739589
MEX,Mexico,Men,2000,0.547355490,0.004942512,0.167291670,0.030816109
MEX,Mexico,Men,2001,0.554792696,0.005388354,0.172265921,0.032676722
MEX,Mexico,Men,2002,0.562118582,0.005865328,0.177281310,0.034608667
MEX,Mexico,Men,2003,0.569330666,0.006375323,0.182324404,0.036611578
MEX,Mexico,Men,2004,0.576447091,0.006919553,0.187408949,0.038689623
MEX,Mexico,Men,2005,0.583452446,0.007494217,0.192520499,0.040845551
MEX,Mexico,Men,2006,0.590344548,0.008104202,0.197647017,0.043075575
MEX,Mexico,Men,2007,0.597125598,0.008747383,0.202775309,0.045381181
MEX,Mexico,Men,2008,0.603812995,0.009427615,0.207945108,0.047778370
PER,Peru,Men,2000,0.454287982,0.000992128,0.096689268,0.008630035
PER,Peru,Men,2001,0.461362717,0.001096316,0.100005397,0.009258200
PER,Peru,Men,2002,0.468428130,0.001209417,0.103375232,0.009921127
PER,Peru,Men,2003,0.475494016,0.001332145,0.106814077,0.010619089
PER,Peru,Men,2004,0.482546772,0.001464796,0.110307443,0.011354988
PER,Peru,Men,2005,0.489575305,0.001608088,0.113866240,0.012135492
PER,Peru,Men,2006,0.496583832,0.001763544,0.117491073,0.012957683
PER,Peru,Men,2007,0.503561067,0.001931245,0.121175411,0.013826719
PER,Peru,Men,2008,0.510509299,0.002112246,0.124928593,0.014743776
PER,Peru,Men,2009,0.517429669,0.002308425,0.128759695,0.015715864
PER,Peru,Men,2010,0.524302563,0.002521376,0.132660803,0.016745833
PER,Peru,Men,2011,0.531133635,0.002751415,0.136634190,0.017835797
PER,Peru,Men,2012,0.537926066,0.003001526,0.140687943,0.018991108
PER,Peru,Men,2013,0.544651516,0.003275170,0.144807048,0.020217883
PER,Peru,Men,2014,0.551323803,0.003574651,0.149005609,0.021525167
PER,Peru,Men,2015,0.557962608,0.003903244,0.153300087,0.022918263
PER,Peru,Men,2016,0.564543055,0.004266504,0.157669243,0.024400143
VEN,"Venezuela, Bolivarian Republic of",Men,2000,0.554196808,0.004985469,0.162746239,0.028357428
VEN,"Venezuela, Bolivarian Republic of",Men,2001,0.561330947,0.005409754,0.167287876,0.030020656
VEN,"Venezuela, Bolivarian Republic of",Men,2002,0.568211382,0.005852688,0.171765486,0.031714762
VEN,"Venezuela, Bolivarian Republic of",Men,2003,0.574872384,0.006314028,0.176180887,0.033446303
VEN,"Venezuela, Bolivarian Republic of",Men,2004,0.581321541,0.006795486,0.180566064,0.035215490
VEN,"Venezuela, Bolivarian Republic of",Men,2005,0.587571202,0.007290504,0.184902873,0.037021524
VEN,"Venezuela, Bolivarian Republic of",Men,2006,0.593617599,0.007798169,0.189173493,0.038851504
VEN,"Venezuela, Bolivarian Republic of",Men,2007,0.599465249,0.008320697,0.193384966,0.040717301
VEN,"Venezuela, Bolivarian Republic of",Men,2008,0.605132974,0.008862369,0.197555521,0.042632084
VEN,"Venezuela, Bolivarian Republic of",Men,2009,0.610659760,0.009420877,0.201721784,0.044599297
VEN,"Venezuela, Bolivarian Republic of",Men,2010,0.616064532,0.009998343,0.205888948,0.046621394
VEN,"Venezuela, Bolivarian Republic of",Men,2011,0.621380378,0.010604132,0.210097561,0.048718045
VEN,"Venezuela, Bolivarian Republic of",Men,2012,0.626614701,0.011239221,0.214345686,0.050892448
VEN,"Venezuela, Bolivarian Republic of",Men,2013,0.631766490,0.011907338,0.218652930,0.053152169
VEN,"Venezuela, Bolivarian Republic of",Men,2014,0.636846571,0.012618715,0.223027032,0.055513552
VEN,"Venezuela, Bolivarian Republic of",Men,2015,0.641900341,0.013378249,0.227499177,0.057979741
VEN,"Venezuela, Bolivarian Republic of",Men,2016,0.646933108,0.014193910,0.232073679,0.060566162
PRI,Puerto Rico,Men,2000,0.561501491,0.011345739,0.204031087,0.045866043
PRI,Puerto Rico,Men,2001,0.568698334,0.012301503,0.209205443,0.048382860
PRI,Puerto Rico,Men,2002,0.575734883,0.013319352,0.214358377,0.050983660
PRI,Puerto Rico,Men,2003,0.582655714,0.014400867,0.219503540,0.053668738
PRI,Puerto Rico,Men,2004,0.589445756,0.015548552,0.224639156,0.056440954
PRI,Puerto Rico,Men,2005,0.596101445,0.016762259,0.229783010,0.059309811
PRI,Puerto Rico,Men,2006,0.602639639,0.018038445,0.234950598,0.062266789
PRI,Puerto Rico,Men,2007,0.609060921,0.019386522,0.240159694,0.065328520
PRI,Puerto Rico,Men,2008,0.615381306,0.020802784,0.245400883,0.068488582
PRI,Puerto Rico,Men,2009,0.621614117,0.022302035,0.250711699,0.071773792
PRI,Puerto Rico,Men,2010,0.627778892,0.023885760,0.256086376,0.075179200
PRI,Puerto Rico,Men,2011,0.633917626,0.025560959,0.261541450,0.078724246
PRI,Puerto Rico,Men,2012,0.640022556,0.027327828,0.267090848,0.082412471
PRI,Puerto Rico,Men,2013,0.646078963,0.029199193,0.272735824,0.086248394
PRI,Puerto Rico,Men,2014,0.652115627,0.031185687,0.278516581,0.090256333
PRI,Puerto Rico,Men,2015,0.658134696,0.033296873,0.284415850,0.094437354
PRI,Puerto Rico,Men,2016,0.664149816,0.035538371,0.290457848,0.098817050
KNA,Saint Kitts and Nevis,Men,2000,0.352145163,0.003832169,0.084754069,0.015881695
KNA,Saint Kitts and Nevis,Men,2001,0.358555975,0.004261916,0.088186459,0.017097185
KNA,Saint Kitts and Nevis,Men,2002,0.365011275,0.004736801,0.091747587,0.018401513
KNA,Saint Kitts and Nevis,Men,2003,0.371541643,0.005259470,0.095441114,0.019797526
KNA,Saint Kitts and Nevis,Men,2004,0.378139734,0.005834231,0.099264471,0.021290624
KNA,Saint Kitts and Nevis,Men,2005,0.384771040,0.006462660,0.103210035,0.022883453
KNA,Saint Kitts and Nevis,Men,2006,0.391534033,0.007151404,0.107333953,0.024594227
KNA,Saint Kitts and Nevis,Men,2007,0.398402946,0.007904597,0.111630608,0.026427716
KNA,Saint Kitts and Nevis,Men,2008,0.405362322,0.008724111,0.116093808,0.028387270
KNA,Saint Kitts and Nevis,Men,2009,0.412394698,0.009617167,0.120728582,0.030483705
KNA,Saint Kitts and Nevis,Men,2010,0.419526325,0.010593164,0.125545636,0.032726635
KNA,Saint Kitts and Nevis,Men,2011,0.426801972,0.011661842,0.130574271,0.035137490
KNA,Saint Kitts and Nevis,Men,2012,0.434218199,0.012829936,0.135820991,0.037722834
KNA,Saint Kitts and Nevis,Men,2013,0.441731747,0.014110752,0.141294324,0.040501605
KNA,Saint Kitts and Nevis,Men,2014,0.449363506,0.015510055,0.147011590,0.043483478
KNA,Saint Kitts and Nevis,Men,2015,0.457117064,0.017040970,0.152974105,0.046682407
KNA,Saint Kitts and Nevis,Men,2016,0.465042178,0.018721626,0.159231554,0.050136687
LCA,Saint Lucia,Men,2000,0.322296057,0.001834437,0.071424900,0.009959699
LCA,Saint Lucia,Men,2001,0.328125735,0.002063863,0.074275748,0.010750339
LCA,Saint Lucia,Men,2002,0.333592736,0.002313445,0.077050595,0.011563374
LCA,Saint Lucia,Men,2003,0.338738131,0.002586168,0.079759487,0.012402906
LCA,Saint Lucia,Men,2004,0.343604222,0.002884003,0.082419254,0.013274234
LCA,Saint Lucia,Men,2005,0.348233765,0.003208641,0.085046527,0.014181226
LCA,Saint Lucia,Men,2006,0.352680282,0.003564908,0.087681574,0.015133922
LCA,Saint Lucia,Men,2007,0.356983985,0.003954925,0.090352194,0.016139022
LCA,Saint Lucia,Men,2008,0.361210067,0.004384405,0.093075048,0.017203297
LCA,Saint Lucia,Men,2009,0.365395978,0.004856704,0.095873280,0.018338884
LCA,Saint Lucia,Men,2010,0.369594855,0.005381238,0.098769462,0.019560874
LCA,Saint Lucia,Men,2011,0.374464535,0.005987194,0.102091889,0.020964658
LCA,Saint Lucia,Men,2012,0.379948359,0.006681231,0.105832814,0.022559899
LCA,Saint Lucia,Men,2013,0.385969562,0.007479294,0.109989996,0.024366069
LCA,Saint Lucia,Men,2014,0.392504741,0.008391089,0.114562580,0.026396113
LCA,Saint Lucia,Men,2015,0.399501119,0.009433288,0.119540976,0.028668010
LCA,Saint Lucia,Men,2016,0.406954236,0.010621497,0.124945935,0.031203905
SUR,Suriname,Men,2000,0.440872165,0.004522509,0.121540931,0.022323344
SUR,Suriname,Men,2001,0.448139471,0.004982862,0.125649663,0.023823979
SUR,Suriname,Men,2002,0.455397768,0.005483350,0.129847374,0.025411116
SUR,Suriname,Men,2003,0.462659257,0.006024856,0.134125558,0.027078773
SUR,Suriname,Men,2004,0.469913263,0.006610368,0.138492593,0.028839402
SUR,Suriname,Men,2005,0.477128291,0.007242953,0.142929673,0.030695549
SUR,Suriname,Men,2006,0.484230339,0.007920080,0.147415963,0.032625469
SUR,Suriname,Men,2007,0.491213689,0.008644215,0.151953585,0.034640938
SUR,Suriname,Men,2008,0.498095984,0.009420712,0.156534996,0.036746895
SUR,Suriname,Men,2009,0.504889689,0.010250709,0.161166150,0.038949366
SUR,Suriname,Men,2010,0.511589283,0.011139976,0.165860914,0.041252604
SUR,Suriname,Men,2011,0.518250209,0.012094727,0.170635578,0.043668387
SUR,Suriname,Men,2012,0.524877815,0.013117509,0.175512156,0.046207804
SUR,Suriname,Men,2013,0.531444292,0.014221451,0.180495908,0.048880209
SUR,Suriname,Men,2014,0.538016057,0.015410595,0.185618695,0.051707784
SUR,Suriname,Men,2015,0.544606289,0.016704057,0.190906987,0.054706156
SUR,Suriname,Men,2016,0.551249283,0.018112556,0.196389425,0.057899866
TTO,Trinidad and Tobago,Men,2000,0.284135815,0.001040987,0.056436051,0.006360960
TTO,Trinidad and Tobago,Men,2001,0.290747773,0.001191649,0.059355695,0.006984124
TTO,Trinidad and Tobago,Men,2002,0.297188551,0.001359855,0.062295253,0.007647106
TTO,Trinidad and Tobago,Men,2003,0.303511908,0.001547964,0.065260866,0.008353283
TTO,Trinidad and Tobago,Men,2004,0.309724811,0.001757527,0.068262014,0.009106830
TTO,Trinidad and Tobago,Men,2005,0.315837279,0.001990895,0.071304009,0.009911533
TTO,Trinidad and Tobago,Men,2006,0.321878262,0.002250731,0.074414811,0.010771386
TTO,Trinidad and Tobago,Men,2007,0.327874687,0.002540919,0.077603521,0.011695184
TTO,Trinidad and Tobago,Men,2008,0.333858246,0.002865356,0.080889413,0.012691543
TTO,Trinidad and Tobago,Men,2009,0.339853159,0.003227159,0.084274684,0.013766959
TTO,Trinidad and Tobago,Men,2010,0.345905480,0.003631567,0.087779640,0.014929965
TTO,Trinidad and Tobago,Men,2011,0.352047234,0.004085291,0.091428888,0.016194803
TTO,Trinidad and Tobago,Men,2012,0.358281677,0.004594314,0.095245460,0.017573693
TTO,Trinidad and Tobago,Men,2013,0.364591753,0.005165840,0.099231214,0.019076301
TTO,Trinidad and Tobago,Men,2014,0.370991531,0.005806565,0.103396566,0.020712300
TTO,Trinidad and Tobago,Men,2015,0.377502813,0.006527808,0.107745199,0.022495837
TTO,Trinidad and Tobago,Men,2016,0.384175088,0.007338040,0.112331212,0.024453009
VCT,Saint Vincent and the Grenadines,Men,2000,0.370116639,0.002730566,0.087715307,0.013684452
VCT,Saint Vincent and the Grenadines,Men,2001,0.378331774,0.003077409,0.091859974,0.014894703
VCT,Saint Vincent and the Grenadines,Men,2002,0.386587216,0.003463373,0.096136594,0.016192458
VCT,Saint Vincent and the Grenadines,Men,2003,0.394894865,0.003894283,0.100547740,0.017586011
VCT,Saint Vincent and the Grenadines,Men,2004,0.403248220,0.004371649,0.105081932,0.019081282
VCT,Saint Vincent and the Grenadines,Men,2005,0.411639260,0.004898933,0.109753422,0.020685566
VCT,Saint Vincent and the Grenadines,Men,2006,0.420055647,0.005481091,0.114579224,0.022402188
VCT,Saint Vincent and the Grenadines,Men,2007,0.428480510,0.006119869,0.119554898,0.024238529
VCT,Saint Vincent and the Grenadines,Men,2008,0.436934396,0.006821543,0.124678865,0.026202442
VCT,Saint Vincent and the Grenadines,Men,2009,0.445391739,0.007591660,0.129955977,0.028304347
VCT,Saint Vincent and the Grenadines,Men,2010,0.453870604,0.008438456,0.135405141,0.030552655
VCT,Saint Vincent and the Grenadines,Men,2011,0.462379386,0.009367542,0.141028519,0.032957603
VCT,Saint Vincent and the Grenadines,Men,2012,0.470913592,0.010382062,0.146833675,0.035522647
VCT,Saint Vincent and the Grenadines,Men,2013,0.479442285,0.011494036,0.152820081,0.038264277
VCT,Saint Vincent and the Grenadines,Men,2014,0.488016409,0.012713050,0.159010486,0.041197698
VCT,Saint Vincent and the Grenadines,Men,2015,0.496620700,0.014048166,0.165397416,0.044333608
VCT,Saint Vincent and the Grenadines,Men,2016,0.505226418,0.015515873,0.171988620,0.047688814
MEX,Mexico,Men,2009,0.610399767,0.010144908,0.213155740,0.050266455
MEX,Mexico,Men,2010,0.616891763,0.010902121,0.218410362,0.052848907
MEX,Mexico,Men,2011,0.623285285,0.011701440,0.223709892,0.055536958
MEX,Mexico,Men,2012,0.629580840,0.012547693,0.229051024,0.058326940
MEX,Mexico,Men,2013,0.635785387,0.013445586,0.234453967,0.061232075
MEX,Mexico,Men,2014,0.641927372,0.014404052,0.239939496,0.064261119
MEX,Mexico,Men,2015,0.648014738,0.015428057,0.245518601,0.067426070
MEX,Mexico,Men,2016,0.654049121,0.016524725,0.251199922,0.070726275
NIC,Nicaragua,Men,2000,0.449179482,0.003853772,0.109482866,0.015201118
NIC,Nicaragua,Men,2001,0.456654725,0.004240581,0.113544560,0.016358369
NIC,Nicaragua,Men,2002,0.464087397,0.004657805,0.117686214,0.017583884
NIC,Nicaragua,Men,2003,0.471481073,0.005108878,0.121901829,0.018880310
NIC,Nicaragua,Men,2004,0.478829320,0.005593245,0.126205680,0.020252717
NIC,Nicaragua,Men,2005,0.486107387,0.006110775,0.130579565,0.021699627
NIC,Nicaragua,Men,2006,0.493357415,0.006667201,0.135053558,0.023230753
NIC,Nicaragua,Men,2007,0.500579813,0.007260986,0.139609750,0.024850735
NIC,Nicaragua,Men,2008,0.507767543,0.007901548,0.144278326,0.026569222
NIC,Nicaragua,Men,2009,0.514904770,0.008587802,0.149058319,0.028390641
NIC,Nicaragua,Men,2010,0.521992980,0.009320084,0.153944942,0.030317230
NIC,Nicaragua,Men,2011,0.529070960,0.010105260,0.158954577,0.032364260
NIC,Nicaragua,Men,2012,0.536152627,0.010948771,0.164088018,0.034536413
NIC,Nicaragua,Men,2013,0.543218377,0.011860203,0.169357821,0.036842881
NIC,Nicaragua,Men,2014,0.550278672,0.012845050,0.174771095,0.039296501
NIC,Nicaragua,Men,2015,0.557343988,0.013910571,0.180342877,0.041903801
NIC,Nicaragua,Men,2016,0.564423320,0.015068848,0.186082789,0.044680337
PAN,Panama,Men,2000,0.462017466,0.003140501,0.106965565,0.015354949
PAN,Panama,Men,2001,0.470996817,0.003507664,0.111742359,0.016682810
PAN,Panama,Men,2002,0.479595008,0.003904785,0.116461003,0.018061886
PAN,Panama,Men,2003,0.487862093,0.004333377,0.121134056,0.019495178
PAN,Panama,Men,2004,0.495815745,0.004794361,0.125771791,0.020984410
PAN,Panama,Men,2005,0.503488108,0.005287839,0.130388165,0.022534102
PAN,Panama,Men,2006,0.510909041,0.005819125,0.134989246,0.024148544
PAN,Panama,Men,2007,0.518135267,0.006389177,0.139592632,0.025833824
PAN,Panama,Men,2008,0.525197054,0.007003295,0.144220981,0.027603243
PAN,Panama,Men,2009,0.532133588,0.007662889,0.148905602,0.029463788
PAN,Panama,Men,2010,0.538978554,0.008373644,0.153662389,0.031423018
PAN,Panama,Men,2011,0.545801031,0.009145162,0.158535328,0.033502002
PAN,Panama,Men,2012,0.552596398,0.009978999,0.163516958,0.035706366
PAN,Panama,Men,2013,0.559354299,0.010878133,0.168636318,0.038042819
PAN,Panama,Men,2014,0.566097698,0.011854017,0.173888757,0.040530584
PAN,Panama,Men,2015,0.572842968,0.012917311,0.179292959,0.043177831
PAN,Panama,Men,2016,0.579574099,0.014077638,0.184848517,0.045990656
PRY,Paraguay,Men,2000,0.426736901,0.001814183,0.099984371,0.012812235
PRY,Paraguay,Men,2001,0.435454174,0.002031155,0.104426263,0.013886162
PRY,Paraguay,Men,2002,0.444078015,0.002268277,0.108920283,0.015015669
PRY,Paraguay,Men,2003,0.452614045,0.002527326,0.113468797,0.016206497
PRY,Paraguay,Men,2004,0.461066713,0.002810074,0.118076394,0.017459735
PRY,Paraguay,Men,2005,0.469449295,0.003118268,0.122757518,0.018783295
PRY,Paraguay,Men,2006,0.477627652,0.003452527,0.127451470,0.020166833
PRY,Paraguay,Men,2007,0.485637345,0.003814217,0.132153463,0.021613165
PRY,Paraguay,Men,2008,0.493488376,0.004204500,0.136891878,0.023126879
PRY,Paraguay,Men,2009,0.501216129,0.004626435,0.141687095,0.024721830
PRY,Paraguay,Men,2010,0.508867693,0.005086269,0.146557255,0.026401697
PRY,Paraguay,Men,2011,0.516481135,0.005588154,0.151507531,0.028177885
PRY,Paraguay,Men,2012,0.524041426,0.006133790,0.156545635,0.030050838
PRY,Paraguay,Men,2013,0.531563703,0.006733553,0.161705214,0.032043751
PRY,Paraguay,Men,2014,0.539047845,0.007391610,0.166991951,0.034163363
PRY,Paraguay,Men,2015,0.546545004,0.008116312,0.172420203,0.036417334
PRY,Paraguay,Men,2016,0.554043362,0.008913278,0.177996611,0.038824754
URY,Uruguay,Men,2000,0.555262265,0.004776450,0.175801910,0.028973909
URY,Uruguay,Men,2001,0.562660813,0.005199796,0.180497172,0.030610639
URY,Uruguay,Men,2002,0.570020050,0.005656188,0.185242389,0.032312938
URY,Uruguay,Men,2003,0.577396468,0.006148877,0.190054639,0.034082529
URY,Uruguay,Men,2004,0.584740833,0.006679305,0.194927572,0.035924443
URY,Uruguay,Men,2005,0.592046114,0.007249465,0.199863967,0.037841881
URY,Uruguay,Men,2006,0.599272176,0.007863203,0.204839974,0.039834963
URY,Uruguay,Men,2007,0.606433919,0.008524809,0.209850342,0.041913377
URY,Uruguay,Men,2008,0.613538269,0.009236978,0.214917752,0.044081154
URY,Uruguay,Men,2009,0.620580726,0.010003527,0.220066427,0.046348940
URY,Uruguay,Men,2010,0.627565103,0.010832496,0.225283307,0.048721145
URY,Uruguay,Men,2011,0.634470330,0.011725564,0.230534651,0.051194788
URY,Uruguay,Men,2012,0.641300139,0.012688626,0.235846073,0.053776860
URY,Uruguay,Men,2013,0.648041345,0.013729216,0.241225182,0.056478525
URY,Uruguay,Men,2014,0.654712776,0.014854417,0.246684011,0.059314842
URY,Uruguay,Men,2015,0.661313519,0.016072842,0.252237716,0.062293309
URY,Uruguay,Men,2016,0.667842008,0.017384539,0.257875936,0.065421669
USA,United States of America,Men,2000,0.654636841,0.022635206,0.248030189,0.072776652
USA,United States of America,Men,2001,0.661793396,0.024474857,0.255742911,0.077198777
USA,United States of America,Men,2002,0.668664592,0.026376213,0.263360795,0.081692310
USA,United States of America,Men,2003,0.675292876,0.028339584,0.270887693,0.086257952
USA,United States of America,Men,2004,0.681678049,0.030359802,0.278322715,0.090870189
USA,United States of America,Men,2005,0.687820094,0.032434255,0.285671294,0.095525825
USA,United States of America,Men,2006,0.693747046,0.034555138,0.292944305,0.100228691
USA,United States of America,Men,2007,0.699486543,0.036726906,0.300161006,0.104987686
USA,United States of America,Men,2008,0.705047638,0.038961332,0.307331940,0.109809973
USA,United States of America,Men,2009,0.710464537,0.041251355,0.314480263,0.114692575
USA,United States of America,Men,2010,0.715761318,0.043616945,0.321613523,0.119653113
USA,United States of America,Men,2011,0.720953783,0.046058778,0.328731411,0.124690123
USA,United States of America,Men,2012,0.726050280,0.048584233,0.335864628,0.129825016
USA,United States of America,Men,2013,0.731065817,0.051198051,0.343023406,0.135060755
USA,United States of America,Men,2014,0.736027075,0.053897627,0.350211972,0.140411708
USA,United States of America,Men,2015,0.740939386,0.056707800,0.357449409,0.145906889
USA,United States of America,Men,2016,0.745793858,0.059622864,0.364743138,0.151533260
BOL,"Bolivia, Plurinational State of",Women,2000,0.522817824,0.009690700,0.185074082,0.045668947
BOL,"Bolivia, Plurinational State of",Women,2001,0.528970462,0.010337249,0.189857863,0.047855270
BOL,"Bolivia, Plurinational State of",Women,2002,0.535017169,0.011011889,0.194658804,0.050094900
BOL,"Bolivia, Plurinational State of",Women,2003,0.540972294,0.011712128,0.199471032,0.052395655
BOL,"Bolivia, Plurinational State of",Women,2004,0.546861766,0.012446523,0.204315114,0.054764246
BOL,"Bolivia, Plurinational State of",Women,2005,0.552706046,0.013214462,0.209207247,0.057210409
BOL,"Bolivia, Plurinational State of",Women,2006,0.558494080,0.014019910,0.214137806,0.059732132
BOL,"Bolivia, Plurinational State of",Women,2007,0.564224339,0.014865986,0.219096168,0.062330964
BOL,"Bolivia, Plurinational State of",Women,2008,0.569892432,0.015749283,0.224087078,0.064999504
BOL,"Bolivia, Plurinational State of",Women,2009,0.575511954,0.016669182,0.229125117,0.067741709
BOL,"Bolivia, Plurinational State of",Women,2010,0.581071515,0.017629461,0.234210238,0.070562517
BOL,"Bolivia, Plurinational State of",Women,2011,0.586565515,0.018630140,0.239326688,0.073456136
BOL,"Bolivia, Plurinational State of",Women,2012,0.592017540,0.019671396,0.244488223,0.076421369
BOL,"Bolivia, Plurinational State of",Women,2013,0.597430545,0.020759576,0.249710195,0.079477496
BOL,"Bolivia, Plurinational State of",Women,2014,0.602788429,0.021897507,0.254965247,0.082617394
BOL,"Bolivia, Plurinational State of",Women,2015,0.608090228,0.023086706,0.260265114,0.085844611
BOL,"Bolivia, Plurinational State of",Women,2016,0.613320129,0.024331650,0.265583154,0.089150221
COL,Colombia,Women,2000,0.550935794,0.009254791,0.203435280,0.047474203
COL,Colombia,Women,2001,0.556225805,0.009829044,0.207768401,0.049468161
COL,Colombia,Women,2002,0.561441143,0.010430276,0.212119293,0.051504535
COL,Colombia,Women,2003,0.566586127,0.011060876,0.216492489,0.053589006
COL,Colombia,Women,2004,0.571677825,0.011719970,0.220890058,0.055719044
COL,Colombia,Women,2005,0.576717803,0.012408558,0.225320543,0.057895348
COL,Colombia,Women,2006,0.581696306,0.013133486,0.229790353,0.060126250
COL,Colombia,Women,2007,0.586629420,0.013891485,0.234297632,0.062412165
COL,Colombia,Women,2008,0.591530727,0.014684449,0.238848382,0.064754940
COL,Colombia,Women,2009,0.596407140,0.015519558,0.243433880,0.067159221
COL,Colombia,Women,2010,0.601250244,0.016397025,0.248061160,0.069622529
COL,Colombia,Women,2011,0.606071117,0.017323128,0.252750528,0.072156628
COL,Colombia,Women,2012,0.610863301,0.018296284,0.257496464,0.074767199
COL,Colombia,Women,2013,0.615643294,0.019320082,0.262301191,0.077453048
COL,Colombia,Women,2014,0.620398218,0.020403291,0.267158623,0.080222552
COL,Colombia,Women,2015,0.625122735,0.021543337,0.272068917,0.083084823
COL,Colombia,Women,2016,0.629786785,0.022742291,0.277013503,0.086030902
ECU,Ecuador,Women,2000,0.522005651,0.008066298,0.182462169,0.041488801
ECU,Ecuador,Women,2001,0.528034871,0.008597905,0.187042858,0.043441906
ECU,Ecuador,Women,2002,0.533921511,0.009150094,0.191600340,0.045431856
ECU,Ecuador,Women,2003,0.539677161,0.009722073,0.196142076,0.047455402
ECU,Ecuador,Women,2004,0.545311360,0.010317620,0.200669282,0.049524208
ECU,Ecuador,Women,2005,0.550863534,0.010938243,0.205202922,0.051645064
ECU,Ecuador,Women,2006,0.556293062,0.011587117,0.209721147,0.053814465
ECU,Ecuador,Women,2007,0.561623567,0.012266083,0.214242110,0.056037209
ECU,Ecuador,Women,2008,0.566855527,0.012973365,0.218751303,0.058309560
ECU,Ecuador,Women,2009,0.572029472,0.013714115,0.223294594,0.060643202
ECU,Ecuador,Women,2010,0.577134312,0.014491208,0.227869636,0.063047340
ECU,Ecuador,Women,2011,0.582205878,0.015308252,0.232492028,0.065530932
ECU,Ecuador,Women,2012,0.587258714,0.016167899,0.237164218,0.068096421
ECU,Ecuador,Women,2013,0.592289909,0.017074422,0.241886557,0.070747325
ECU,Ecuador,Women,2014,0.597278359,0.018030981,0.246667774,0.073486570
ECU,Ecuador,Women,2015,0.602249570,0.019042798,0.251513883,0.076327890
ECU,Ecuador,Women,2016,0.607211026,0.020112517,0.256432376,0.079271448
PER,Peru,Women,2000,0.539354893,0.006834897,0.184027390,0.039383850
PER,Peru,Women,2001,0.544368313,0.007223958,0.187912276,0.041000936
PER,Peru,Women,2002,0.549337859,0.007630767,0.191832532,0.042666374
PER,Peru,Women,2003,0.554271655,0.008057505,0.195798021,0.044388104
PER,Peru,Women,2004,0.559187832,0.008505903,0.199820045,0.046167713
PER,Peru,Women,2005,0.564075349,0.008974646,0.203879772,0.048011714
PER,Peru,Women,2006,0.568934116,0.009470677,0.207981507,0.049923794
PER,Peru,Women,2007,0.573771275,0.009990858,0.212127256,0.051902350
PER,Peru,Women,2008,0.578572007,0.010537967,0.216309892,0.053945750
PER,Peru,Women,2009,0.583357306,0.011113913,0.220550612,0.056054457
PER,Peru,Women,2010,0.588109828,0.011719874,0.224836449,0.058239579
PER,Peru,Women,2011,0.592836624,0.012356870,0.229156082,0.060490793
PER,Peru,Women,2012,0.597520138,0.013025147,0.233523153,0.062806079
PER,Peru,Women,2013,0.602167318,0.013728306,0.237934071,0.065200720
PER,Peru,Women,2014,0.606765687,0.014466939,0.242385300,0.067670231
PER,Peru,Women,2015,0.611341230,0.015243859,0.246892142,0.070215971
PER,Peru,Women,2016,0.615857890,0.016061866,0.251425484,0.072837038
VEN,"Venezuela, Bolivarian Republic of",Women,2000,0.601620833,0.013214648,0.240046351,0.065566526
VEN,"Venezuela, Bolivarian Republic of",Women,2001,0.605798784,0.013837282,0.243924871,0.067659676
VEN,"Venezuela, Bolivarian Republic of",Women,2002,0.609790523,0.014465339,0.247715601,0.069746743
VEN,"Venezuela, Bolivarian Republic of",Women,2003,0.613613434,0.015101817,0.251422647,0.071831567
VEN,"Venezuela, Bolivarian Republic of",Women,2004,0.617299105,0.015746804,0.255062614,0.073915453
VEN,"Venezuela, Bolivarian Republic of",Women,2005,0.620859083,0.016400689,0.258654645,0.076003470
VEN,"Venezuela, Bolivarian Republic of",Women,2006,0.624274192,0.017066893,0.262188030,0.078095830
VEN,"Venezuela, Bolivarian Republic of",Women,2007,0.627572505,0.017744498,0.265668539,0.080192123
VEN,"Venezuela, Bolivarian Republic of",Women,2008,0.630772857,0.018441420,0.269123076,0.082304718
VEN,"Venezuela, Bolivarian Republic of",Women,2009,0.633919693,0.019162494,0.272569962,0.084449522
VEN,"Venezuela, Bolivarian Republic of",Women,2010,0.637017348,0.019909633,0.276022648,0.086622242
VEN,"Venezuela, Bolivarian Republic of",Women,2011,0.640086291,0.020690866,0.279503755,0.088843658
VEN,"Venezuela, Bolivarian Republic of",Women,2012,0.643140673,0.021510252,0.283021059,0.091124402
VEN,"Venezuela, Bolivarian Republic of",Women,2013,0.646189780,0.022363405,0.286576668,0.093464384
VEN,"Venezuela, Bolivarian Republic of",Women,2014,0.649232168,0.023262724,0.290183382,0.095876641
VEN,"Venezuela, Bolivarian Republic of",Women,2015,0.652254050,0.024205706,0.293831380,0.098360124
VEN,"Venezuela, Bolivarian Republic of",Women,2016,0.655251060,0.025194624,0.297525633,0.100922681
CUB,Cuba,Women,2000,0.568729671,0.025307735,0.243349354,0.083630209
CUB,Cuba,Women,2001,0.573719043,0.026423583,0.247770047,0.086383139
CUB,Cuba,Women,2002,0.578667341,0.027569249,0.252203040,0.089181836
CUB,Cuba,Women,2003,0.583578310,0.028750646,0.256644487,0.092048584
CUB,Cuba,Women,2004,0.588442234,0.029965985,0.261095576,0.094970902
CUB,Cuba,Women,2005,0.593277034,0.031214184,0.265562343,0.097948057
CUB,Cuba,Women,2006,0.598044088,0.032491442,0.270021549,0.100969258
CUB,Cuba,Women,2007,0.602743558,0.033800513,0.274476838,0.104036073
CUB,Cuba,Women,2008,0.607388195,0.035137072,0.278940804,0.107147206
CUB,Cuba,Women,2009,0.611997523,0.036505031,0.283421326,0.110315562
CUB,Cuba,Women,2010,0.616564091,0.037908160,0.287922651,0.113534814
CUB,Cuba,Women,2011,0.621107649,0.039357301,0.292466774,0.116829350
CUB,Cuba,Women,2012,0.625620640,0.040854043,0.297048407,0.120198940
CUB,Cuba,Women,2013,0.630090563,0.042394994,0.301670490,0.123636709
CUB,Cuba,Women,2014,0.634524671,0.043990719,0.306343183,0.127150791
CUB,Cuba,Women,2015,0.638910806,0.045641510,0.311056548,0.130752118
CUB,Cuba,Women,2016,0.643265117,0.047352101,0.315819718,0.134437276
DOM,Dominican Republic,Women,2000,0.545115635,0.022619854,0.231531965,0.077615224
DOM,Dominican Republic,Women,2001,0.553318599,0.024146150,0.238489098,0.081579757
DOM,Dominican Republic,Women,2002,0.561659561,0.025770406,0.245689343,0.085744269
DOM,Dominican Republic,Women,2003,0.570098323,0.027485107,0.253098931,0.090103384
DOM,Dominican Republic,Women,2004,0.578570786,0.029284509,0.260661833,0.094625632
DOM,Dominican Republic,Women,2005,0.587024820,0.031168873,0.268336458,0.099300368
DOM,Dominican Republic,Women,2006,0.595471524,0.033140561,0.276151019,0.104136778
DOM,Dominican Republic,Women,2007,0.603881346,0.035192499,0.284069950,0.109115642
DOM,Dominican Republic,Women,2008,0.612202143,0.037316667,0.292058235,0.114221963
DOM,Dominican Republic,Women,2009,0.620439214,0.039513716,0.300107027,0.119450198
DOM,Dominican Republic,Women,2010,0.628536419,0.041777138,0.308180832,0.124776831
DOM,Dominican Republic,Women,2011,0.636378503,0.044085623,0.316164452,0.130137244
DOM,Dominican Republic,Women,2012,0.643967512,0.046427255,0.324020500,0.135516935
DOM,Dominican Republic,Women,2013,0.651310641,0.048791312,0.331755932,0.140905344
DOM,Dominican Republic,Women,2014,0.658411932,0.051193307,0.339379049,0.146302915
DOM,Dominican Republic,Women,2015,0.665264921,0.053634968,0.346888304,0.151728619
DOM,Dominican Republic,Women,2016,0.671777917,0.056084479,0.354157781,0.157084890
HTI,Haiti,Women,2000,0.440810119,0.009790139,0.152635187,0.043063848
HTI,Haiti,Women,2001,0.450258547,0.010694569,0.158965126,0.046024067
HTI,Haiti,Women,2002,0.460160462,0.011700582,0.165750977,0.049257016
HTI,Haiti,Women,2003,0.470441184,0.012808785,0.172941781,0.052763215
HTI,Haiti,Women,2004,0.481026999,0.014019043,0.180507119,0.056533443
HTI,Haiti,Women,2005,0.491831965,0.015335000,0.188408584,0.060566080
HTI,Haiti,Women,2006,0.502724469,0.016752368,0.196567784,0.064825082
HTI,Haiti,Women,2007,0.513620107,0.018266046,0.204918723,0.069291596
HTI,Haiti,Women,2008,0.524418148,0.019866836,0.213411098,0.073940567
HTI,Haiti,Women,2009,0.535076807,0.021555507,0.222011613,0.078762047
HTI,Haiti,Women,2010,0.545541215,0.023327742,0.230669420,0.083728322
HTI,Haiti,Women,2011,0.555648142,0.025161417,0.239233663,0.088766295
HTI,Haiti,Women,2012,0.565401659,0.027053492,0.247696690,0.093872958
HTI,Haiti,Women,2013,0.574825595,0.029002823,0.256068955,0.099042826
HTI,Haiti,Women,2014,0.583955560,0.031011018,0.264366382,0.104271780
HTI,Haiti,Women,2015,0.592796947,0.033082955,0.272595386,0.109570895
HTI,Haiti,Women,2016,0.601266435,0.035198682,0.280652252,0.114877108
PRI,Puerto Rico,Women,2000,0.666746402,0.053015289,0.353085390,0.153708634
PRI,Puerto Rico,Women,2001,0.670359427,0.054459476,0.357179019,0.156896499
PRI,Puerto Rico,Women,2002,0.673868797,0.055902322,0.361222571,0.160074362
PRI,Puerto Rico,Women,2003,0.677282610,0.057351526,0.365192622,0.163247049
PRI,Puerto Rico,Women,2004,0.680616627,0.058804070,0.369103034,0.166411793
PRI,Puerto Rico,Women,2005,0.683891858,0.060269617,0.372965665,0.169596337
PRI,Puerto Rico,Women,2006,0.687100104,0.061755908,0.376792074,0.172788289
PRI,Puerto Rico,Women,2007,0.690259125,0.063253543,0.380587488,0.175993206
PRI,Puerto Rico,Women,2008,0.693365226,0.064752527,0.384358313,0.179207264
PRI,Puerto Rico,Women,2009,0.696455799,0.066278131,0.388151043,0.182462723
PRI,Puerto Rico,Women,2010,0.699524816,0.067832009,0.391960338,0.185756687
PRI,Puerto Rico,Women,2011,0.702600035,0.069425959,0.395819695,0.189120250
PRI,Puerto Rico,Women,2012,0.705664163,0.071058379,0.399696907,0.192541022
PRI,Puerto Rico,Women,2013,0.708709102,0.072719302,0.403597202,0.196007793
PRI,Puerto Rico,Women,2014,0.711745004,0.074418923,0.407537789,0.199531847
PRI,Puerto Rico,Women,2015,0.714774631,0.076169772,0.411513346,0.203123386
PRI,Puerto Rico,Women,2016,0.717782314,0.077962342,0.415524547,0.206767398
ATG,Antigua and Barbuda,Women,2000,0.480063457,0.020525229,0.189998343,0.063608861
ATG,Antigua and Barbuda,Women,2001,0.485836376,0.021643969,0.194449937,0.066256430
ATG,Antigua and Barbuda,Women,2002,0.491543478,0.022801534,0.198923063,0.068962478
ATG,Antigua and Barbuda,Women,2003,0.497199091,0.023997961,0.203412232,0.071734746
ATG,Antigua and Barbuda,Women,2004,0.502824514,0.025238211,0.207923294,0.074573061
ATG,Antigua and Barbuda,Women,2005,0.508440726,0.026524838,0.212475073,0.077489431
ATG,Antigua and Barbuda,Women,2006,0.514062318,0.027863616,0.217090698,0.080498862
ATG,Antigua and Barbuda,Women,2007,0.519694084,0.029257263,0.221770184,0.083598396
ATG,Antigua and Barbuda,Women,2008,0.525340249,0.030701861,0.226519555,0.086786501
ATG,Antigua and Barbuda,Women,2009,0.531038941,0.032209705,0.231376864,0.090091606
ATG,Antigua and Barbuda,Women,2010,0.536787109,0.033783363,0.236349258,0.093511475
ATG,Antigua and Barbuda,Women,2011,0.542646177,0.035439594,0.241494739,0.097085083
ATG,Antigua and Barbuda,Women,2012,0.548600189,0.037182505,0.246794234,0.100812691
ATG,Antigua and Barbuda,Women,2013,0.554643089,0.039009456,0.252262700,0.104690208
ATG,Antigua and Barbuda,Women,2014,0.560767217,0.040927546,0.257894364,0.108719620
ATG,Antigua and Barbuda,Women,2015,0.566959287,0.042944937,0.263689351,0.112918315
ATG,Antigua and Barbuda,Women,2016,0.573269176,0.045072942,0.269691188,0.117308208
BHS,Bahamas,Women,2000,0.634263805,0.047743269,0.321283142,0.132651687
BHS,Bahamas,Women,2001,0.638829517,0.049358914,0.326054251,0.136124244
BHS,Bahamas,Women,2002,0.643278180,0.050989025,0.330771351,0.139602833
BHS,Bahamas,Women,2003,0.647630219,0.052630912,0.335421550,0.143094632
BHS,Bahamas,Women,2004,0.651911565,0.054288960,0.340025096,0.146599379
BHS,Bahamas,Women,2005,0.656128477,0.055973539,0.344596088,0.150134350
BHS,Bahamas,Women,2006,0.660272384,0.057679770,0.349141748,0.153686832
BHS,Bahamas,Women,2007,0.664372664,0.059406219,0.353668673,0.157262612
BHS,Bahamas,Women,2008,0.668390818,0.061141418,0.358163592,0.160845887
BHS,Bahamas,Women,2009,0.672360356,0.062913260,0.362657611,0.164463264
BHS,Bahamas,Women,2010,0.676291393,0.064710871,0.367149545,0.168115892
BHS,Bahamas,Women,2011,0.680206282,0.066551001,0.371688365,0.171826286
BHS,Bahamas,Women,2012,0.684107983,0.068432594,0.376257289,0.175594902
BHS,Bahamas,Women,2013,0.687980312,0.070342801,0.380858669,0.179411918
BHS,Bahamas,Women,2014,0.691825874,0.072293846,0.385492522,0.183278858
BHS,Bahamas,Women,2015,0.695636952,0.074288578,0.390153824,0.187207417
BHS,Bahamas,Women,2016,0.699418563,0.076333941,0.394838386,0.191185237
BRB,Barbados,Women,2000,0.510047193,0.031064256,0.226506318,0.084323132
BRB,Barbados,Women,2001,0.517325658,0.032831172,0.232602638,0.088152371
BRB,Barbados,Women,2002,0.524433429,0.034637507,0.238656573,0.092026857
BRB,Barbados,Women,2003,0.531406520,0.036480331,0.244664430,0.095954398
BRB,Barbados,Women,2004,0.538249632,0.038360174,0.250637225,0.099929282
BRB,Barbados,Women,2005,0.544981370,0.040283692,0.256597041,0.103965593
BRB,Barbados,Women,2006,0.551642176,0.042256141,0.262575607,0.108080264
BRB,Barbados,Women,2007,0.558250796,0.044288563,0.268587647,0.112282411
BRB,Barbados,Women,2008,0.564801050,0.046376394,0.274627890,0.116562152
BRB,Barbados,Women,2009,0.571325167,0.048521647,0.280722188,0.120933197
BRB,Barbados,Women,2010,0.577836733,0.050733268,0.286874914,0.125400451
BRB,Barbados,Women,2011,0.584364982,0.053024319,0.293133974,0.129994837
BRB,Barbados,Women,2012,0.590893337,0.055396260,0.299477664,0.134719100
BRB,Barbados,Women,2013,0.597414715,0.057844519,0.305913116,0.139565185
BRB,Barbados,Women,2014,0.603939160,0.060371141,0.312428033,0.144526184
BRB,Barbados,Women,2015,0.610448213,0.062982678,0.319037062,0.149622963
BRB,Barbados,Women,2016,0.616964978,0.065681475,0.325754624,0.154846242
DMA,Dominica,Women,2000,0.587491036,0.036066406,0.278263408,0.108008506
DMA,Dominica,Women,2001,0.593137273,0.037635339,0.283621880,0.111596471
DMA,Dominica,Women,2002,0.598769899,0.039249600,0.289035031,0.115259913
DMA,Dominica,Women,2003,0.604396906,0.040911735,0.294488627,0.119010665
DMA,Dominica,Women,2004,0.610020380,0.042626268,0.299983600,0.122836585
DMA,Dominica,Women,2005,0.615644733,0.044391649,0.305530475,0.126750369
DMA,Dominica,Women,2006,0.621285557,0.046220558,0.311157108,0.130764483
DMA,Dominica,Women,2007,0.626929063,0.048103133,0.316846706,0.134871102
DMA,Dominica,Women,2008,0.632528159,0.050032237,0.322569443,0.139056413
DMA,Dominica,Women,2009,0.638102796,0.052011349,0.328339660,0.143325192
DMA,Dominica,Women,2010,0.643637247,0.054038278,0.334136564,0.147661299
DMA,Dominica,Women,2011,0.649111261,0.056122234,0.339952081,0.152061268
DMA,Dominica,Women,2012,0.654518136,0.058251806,0.345778995,0.156528280
DMA,Dominica,Women,2013,0.659844193,0.060419038,0.351600440,0.161040458
DMA,Dominica,Women,2014,0.665100018,0.062633304,0.357425788,0.165600893
DMA,Dominica,Women,2015,0.670271040,0.064893441,0.363250073,0.170221606
DMA,Dominica,Women,2016,0.675359848,0.067205682,0.369066739,0.174900603
GRD,Grenada,Women,2000,0.493100142,0.022780814,0.201413812,0.070120684
GRD,Grenada,Women,2001,0.500857803,0.024253235,0.207529932,0.073668317
GRD,Grenada,Women,2002,0.508451749,0.025775224,0.213636212,0.077283597
GRD,Grenada,Women,2003,0.515914109,0.027350190,0.219727741,0.080972458
GRD,Grenada,Women,2004,0.523267960,0.028976179,0.225811009,0.084735295
GRD,Grenada,Women,2005,0.530517677,0.030659212,0.231911174,0.088587039
GRD,Grenada,Women,2006,0.537657462,0.032396899,0.238014973,0.092517501
GRD,Grenada,Women,2007,0.544703229,0.034190682,0.244141269,0.096529840
GRD,Grenada,Women,2008,0.551657683,0.036041528,0.250297763,0.100629894
GRD,Grenada,Women,2009,0.558567724,0.037963788,0.256521044,0.104839938
GRD,Grenada,Women,2010,0.565428372,0.039954140,0.262795825,0.109153339
GRD,Grenada,Women,2011,0.572272250,0.042026822,0.269163528,0.113588240
GRD,Grenada,Women,2012,0.579091384,0.044174504,0.275604619,0.118145178
GRD,Grenada,Women,2013,0.585887869,0.046394162,0.282121483,0.122819489
GRD,Grenada,Women,2014,0.592657317,0.048694222,0.288723233,0.127621759
GRD,Grenada,Women,2015,0.599385851,0.051074964,0.295404630,0.132555807
GRD,Grenada,Women,2016,0.606114093,0.053544113,0.302193771,0.137621741
GUY,Guyana,Women,2000,0.466989918,0.017134190,0.183134234,0.060447219
GUY,Guyana,Women,2001,0.474107216,0.018235403,0.188427726,0.063405161
GUY,Guyana,Women,2002,0.481240790,0.019392733,0.193836545,0.066479105
GUY,Guyana,Women,2003,0.488391730,0.020612882,0.199352074,0.069676154
GUY,Guyana,Women,2004,0.495584559,0.021892448,0.204977369,0.072991227
GUY,Guyana,Women,2005,0.502796646,0.023232502,0.210698170,0.076424077
GUY,Guyana,Women,2006,0.510047812,0.024640959,0.216551388,0.079991971
GUY,Guyana,Women,2007,0.517334957,0.026117206,0.222517689,0.083692335
GUY,Guyana,Women,2008,0.524621733,0.027665125,0.228589097,0.087525531
GUY,Guyana,Women,2009,0.531932817,0.029287882,0.234782929,0.091495622
GUY,Guyana,Women,2010,0.539256456,0.030986949,0.241085218,0.095603268
GUY,Guyana,Women,2011,0.546662847,0.032773491,0.247552280,0.099871489
GUY,Guyana,Women,2012,0.554110996,0.034652273,0.254168597,0.104302827
GUY,Guyana,Women,2013,0.561571996,0.036617159,0.260927260,0.108895982
GUY,Guyana,Women,2014,0.569044940,0.038676705,0.267809698,0.113644058
GUY,Guyana,Women,2015,0.576497242,0.040832220,0.274805021,0.118548811
GUY,Guyana,Women,2016,0.583943958,0.043077380,0.281906796,0.123586537
JAM,Jamaica,Women,2000,0.546339900,0.031495159,0.246835122,0.088991620
JAM,Jamaica,Women,2001,0.553281616,0.033226038,0.252914487,0.092809473
JAM,Jamaica,Women,2002,0.560160249,0.035014601,0.259030750,0.096710617
JAM,Jamaica,Women,2003,0.566966301,0.036863424,0.265173970,0.100701997
JAM,Jamaica,Women,2004,0.573717822,0.038769472,0.271333998,0.104775817
JAM,Jamaica,Women,2005,0.580417093,0.040738332,0.277525782,0.108947695
JAM,Jamaica,Women,2006,0.587038147,0.042760036,0.283722774,0.113188697
JAM,Jamaica,Women,2007,0.593582829,0.044835182,0.289934628,0.117505424
JAM,Jamaica,Women,2008,0.600049748,0.046955669,0.296148269,0.121893892
JAM,Jamaica,Women,2009,0.606457008,0.049136747,0.302392935,0.126372519
JAM,Jamaica,Women,2010,0.612790510,0.051374786,0.308655499,0.130924656
JAM,Jamaica,Women,2011,0.619073439,0.053682296,0.314981320,0.135575527
JAM,Jamaica,Women,2012,0.625305938,0.056053123,0.321346395,0.140325946
JAM,Jamaica,Women,2013,0.631477820,0.058481781,0.327752333,0.145160780
JAM,Jamaica,Women,2014,0.637600195,0.060965742,0.334202595,0.150075738
JAM,Jamaica,Women,2015,0.643668612,0.063514245,0.340688592,0.155083494
JAM,Jamaica,Women,2016,0.649686862,0.066126438,0.347202301,0.160171623
KNA,Saint Kitts and Nevis,Women,2000,0.501222118,0.028647015,0.212530489,0.078983589
KNA,Saint Kitts and Nevis,Women,2001,0.507890514,0.030222925,0.217997889,0.082403906
KNA,Saint Kitts and Nevis,Women,2002,0.514581373,0.031864875,0.223569623,0.085940243
KNA,Saint Kitts and Nevis,Women,2003,0.521290968,0.033572185,0.229230751,0.089600085
KNA,Saint Kitts and Nevis,Women,2004,0.528023481,0.035348985,0.234982908,0.093372092
KNA,Saint Kitts and Nevis,Women,2005,0.534770943,0.037199240,0.240825294,0.097265447
KNA,Saint Kitts and Nevis,Women,2006,0.541597488,0.039134846,0.246816634,0.101302001
KNA,Saint Kitts and Nevis,Women,2007,0.548477552,0.041150341,0.252941362,0.105483057
KNA,Saint Kitts and Nevis,Women,2008,0.555369055,0.043237074,0.259169391,0.109787239
KNA,Saint Kitts and Nevis,Women,2009,0.562282227,0.045396667,0.265510628,0.114221554
KNA,Saint Kitts and Nevis,Women,2010,0.569208674,0.047638818,0.271954088,0.118783281
KNA,Saint Kitts and Nevis,Women,2011,0.576191719,0.049975142,0.278558948,0.123503023
KNA,Saint Kitts and Nevis,Women,2012,0.583209463,0.052399956,0.285289192,0.128372807
KNA,Saint Kitts and Nevis,Women,2013,0.590234267,0.054905556,0.292136397,0.133377295
KNA,Saint Kitts and Nevis,Women,2014,0.597238939,0.057502481,0.299087700,0.138517794
KNA,Saint Kitts and Nevis,Women,2015,0.604229718,0.060190822,0.306139359,0.143801384
KNA,Saint Kitts and Nevis,Women,2016,0.611221110,0.062969999,0.313306549,0.149222175
LCA,Saint Lucia,Women,2000,0.480917207,0.022106450,0.194765134,0.064430246
LCA,Saint Lucia,Women,2001,0.487487923,0.023426266,0.199853406,0.067425949
LCA,Saint Lucia,Women,2002,0.493701692,0.024756131,0.204749321,0.070395003
LCA,Saint Lucia,Women,2003,0.499622624,0.026098458,0.209481080,0.073348855
LCA,Saint Lucia,Women,2004,0.505341146,0.027466705,0.214100042,0.076312667
LCA,Saint Lucia,Women,2005,0.510896130,0.028870601,0.218643994,0.079318908
LCA,Saint Lucia,Women,2006,0.516361950,0.030320527,0.223175820,0.082384192
LCA,Saint Lucia,Women,2007,0.521783186,0.031819303,0.227731757,0.085522529
LCA,Saint Lucia,Women,2008,0.527186692,0.033378081,0.232341634,0.088754223
LCA,Saint Lucia,Women,2009,0.532643656,0.035004099,0.237061927,0.092101985
LCA,Saint Lucia,Women,2010,0.538186796,0.036706231,0.241912563,0.095578064
LCA,Saint Lucia,Women,2011,0.544315755,0.038591701,0.247335937,0.099421791
LCA,Saint Lucia,Women,2012,0.550920157,0.040648677,0.253239476,0.103605090
LCA,Saint Lucia,Women,2013,0.557900131,0.042862126,0.259568125,0.108096096
LCA,Saint Lucia,Women,2014,0.565205309,0.045241322,0.266298788,0.112893842
LCA,Saint Lucia,Women,2015,0.572756913,0.047778597,0.273374220,0.117981282
LCA,Saint Lucia,Women,2016,0.580526395,0.050473862,0.280767247,0.123335828
SUR,Suriname,Women,2000,0.582227783,0.037217086,0.269798741,0.106035120
SUR,Suriname,Women,2001,0.587449111,0.038741608,0.274715475,0.109382335
SUR,Suriname,Women,2002,0.592653571,0.040311436,0.279674476,0.112796741
SUR,Suriname,Women,2003,0.597837839,0.041925134,0.284655481,0.116286832
SUR,Suriname,Women,2004,0.603014709,0.043579583,0.289668988,0.119840544
SUR,Suriname,Women,2005,0.608172083,0.045282131,0.294705583,0.123461367
SUR,Suriname,Women,2006,0.613254356,0.047011867,0.299713158,0.127117302
SUR,Suriname,Women,2007,0.618255300,0.048775284,0.304686468,0.130806229
SUR,Suriname,Women,2008,0.623162996,0.050561188,0.309620485,0.134523865
SUR,Suriname,Women,2009,0.628013990,0.052389724,0.314563647,0.138302134
SUR,Suriname,Women,2010,0.632796961,0.054252557,0.319510081,0.142124435
SUR,Suriname,Women,2011,0.637564618,0.056166069,0.324484848,0.146004228
SUR,Suriname,Women,2012,0.642296256,0.058124263,0.329478695,0.149950701
SUR,Suriname,Women,2013,0.646992771,0.060121186,0.334513155,0.153957827
SUR,Suriname,Women,2014,0.651667678,0.062168585,0.339598645,0.158046910
SUR,Suriname,Women,2015,0.656321340,0.064275539,0.344737787,0.162224417
SUR,Suriname,Women,2016,0.660971495,0.066432505,0.349929517,0.166482510
TTO,Trinidad and Tobago,Women,2000,0.429428317,0.020890744,0.161646564,0.056440552
TTO,Trinidad and Tobago,Women,2001,0.438354373,0.022514707,0.168053619,0.060022992
TTO,Trinidad and Tobago,Women,2002,0.447071871,0.024198562,0.174451358,0.063691264
TTO,Trinidad and Tobago,Women,2003,0.455610814,0.025938117,0.180840659,0.067447232
TTO,Trinidad and Tobago,Women,2004,0.464012766,0.027740756,0.187228346,0.071293068
TTO,Trinidad and Tobago,Women,2005,0.472289934,0.029608463,0.193642770,0.075240334
TTO,Trinidad and Tobago,Women,2006,0.480487379,0.031552533,0.200111105,0.079305396
TTO,Trinidad and Tobago,Women,2007,0.488642756,0.033571408,0.206649103,0.083491729
TTO,Trinidad and Tobago,Women,2008,0.496737486,0.035662350,0.213263831,0.087804984
TTO,Trinidad and Tobago,Women,2009,0.504815760,0.037842573,0.219990556,0.092266627
TTO,Trinidad and Tobago,Women,2010,0.512903618,0.040114684,0.226853500,0.096878654
TTO,Trinidad and Tobago,Women,2011,0.521034359,0.042492449,0.233875755,0.101662511
TTO,Trinidad and Tobago,Women,2012,0.529186047,0.044973543,0.241032007,0.106619371
TTO,Trinidad and Tobago,Women,2013,0.537349112,0.047548850,0.248319951,0.111741057
TTO,Trinidad and Tobago,Women,2014,0.545507000,0.050222986,0.255739574,0.117022518
TTO,Trinidad and Tobago,Women,2015,0.553639092,0.053000795,0.263279606,0.122469288
TTO,Trinidad and Tobago,Women,2016,0.561778137,0.055891436,0.270961022,0.128087327
VCT,Saint Vincent and the Grenadines,Women,2000,0.515571484,0.025559733,0.216951134,0.077052961
VCT,Saint Vincent and the Grenadines,Women,2001,0.523184548,0.027132240,0.223216522,0.080763283
VCT,Saint Vincent and the Grenadines,Women,2002,0.530736961,0.028762189,0.229545732,0.084578003
VCT,Saint Vincent and the Grenadines,Women,2003,0.538241043,0.030451870,0.235933003,0.088499938
VCT,Saint Vincent and the Grenadines,Women,2004,0.545679515,0.032205739,0.242362132,0.092517559
VCT,Saint Vincent and the Grenadines,Women,2005,0.553055827,0.034016543,0.248834997,0.096638812
VCT,Saint Vincent and the Grenadines,Women,2006,0.560380092,0.035885030,0.255354770,0.100856824
VCT,Saint Vincent and the Grenadines,Women,2007,0.567653902,0.037815255,0.261918397,0.105168302
VCT,Saint Vincent and the Grenadines,Women,2008,0.574850526,0.039805146,0.268513156,0.109574240
VCT,Saint Vincent and the Grenadines,Women,2009,0.581981737,0.041859605,0.275157055,0.114080979
VCT,Saint Vincent and the Grenadines,Women,2010,0.589038339,0.043978596,0.281843517,0.118680678
VCT,Saint Vincent and the Grenadines,Women,2011,0.596034106,0.046171330,0.288588555,0.123389099
VCT,Saint Vincent and the Grenadines,Women,2012,0.602937755,0.048421924,0.295361474,0.128181214
VCT,Saint Vincent and the Grenadines,Women,2013,0.609748070,0.050727176,0.302152420,0.133049445
VCT,Saint Vincent and the Grenadines,Women,2014,0.616473861,0.053093304,0.308965955,0.137995265
VCT,Saint Vincent and the Grenadines,Women,2015,0.623109504,0.055529346,0.315810016,0.143036982
VCT,Saint Vincent and the Grenadines,Women,2016,0.629622568,0.058028574,0.322656511,0.148148643
BLZ,Belize,Women,2000,0.540320264,0.032748688,0.239582755,0.090350062
BLZ,Belize,Women,2001,0.546527236,0.034370432,0.245024645,0.093873867
BLZ,Belize,Women,2002,0.552555729,0.036016787,0.250411170,0.097417831
BLZ,Belize,Women,2003,0.558435237,0.037686048,0.255731291,0.100989777
BLZ,Belize,Women,2004,0.564191625,0.039380660,0.260989164,0.104587666
BLZ,Belize,Women,2005,0.569840007,0.041112553,0.266218351,0.108239367
BLZ,Belize,Women,2006,0.575412297,0.042881639,0.271454717,0.111947957
BLZ,Belize,Women,2007,0.580936000,0.044693901,0.276703269,0.115723366
BLZ,Belize,Women,2008,0.586392298,0.046547406,0.281961347,0.119557557
BLZ,Belize,Women,2009,0.591832743,0.048456170,0.287267361,0.123469892
BLZ,Belize,Women,2010,0.597277471,0.050427126,0.292654581,0.127483053
BLZ,Belize,Women,2011,0.602757685,0.052462217,0.298153025,0.131612851
BLZ,Belize,Women,2012,0.608276099,0.054566880,0.303757837,0.135865120
BLZ,Belize,Women,2013,0.613814250,0.056745076,0.309456767,0.140237731
BLZ,Belize,Women,2014,0.619374768,0.058999446,0.315254725,0.144724609
BLZ,Belize,Women,2015,0.624949971,0.061337028,0.321154658,0.149336156
BLZ,Belize,Women,2016,0.630563647,0.063760452,0.327174263,0.154083697
CRI,Costa Rica,Women,2000,0.526311676,0.016508220,0.199515742,0.055699819
CRI,Costa Rica,Women,2001,0.534604791,0.017781499,0.206165367,0.058988938
CRI,Costa Rica,Women,2002,0.542975513,0.019140381,0.213037390,0.062453310
CRI,Costa Rica,Women,2003,0.551398212,0.020585827,0.220110088,0.066086312
CRI,Costa Rica,Women,2004,0.559838347,0.022112215,0.227349399,0.069876442
CRI,Costa Rica,Women,2005,0.568268137,0.023715375,0.234735741,0.073814673
CRI,Costa Rica,Women,2006,0.576602128,0.025388976,0.242195463,0.077874388
CRI,Costa Rica,Women,2007,0.584794313,0.027126961,0.249688602,0.082033426
CRI,Costa Rica,Women,2008,0.592836199,0.028928797,0.257200826,0.086293568
CRI,Costa Rica,Women,2009,0.600721612,0.030791062,0.264720337,0.090647491
CRI,Costa Rica,Women,2010,0.608435937,0.032711400,0.272229528,0.095071000
CRI,Costa Rica,Women,2011,0.615883207,0.034672651,0.279628800,0.099520567
CRI,Costa Rica,Women,2012,0.623082753,0.036673929,0.286933046,0.104005716
CRI,Costa Rica,Women,2013,0.630066994,0.038716445,0.294157322,0.108526814
CRI,Costa Rica,Women,2014,0.636852037,0.040803398,0.301306559,0.113087656
CRI,Costa Rica,Women,2015,0.643442967,0.042945601,0.308392792,0.117707016
CRI,Costa Rica,Women,2016,0.649752274,0.045105031,0.315309442,0.122308338
GTM,Guatemala,Women,2000,0.507980262,0.009268396,0.180197772,0.043861380
GTM,Guatemala,Women,2001,0.515105877,0.009998007,0.185561904,0.046275530
GTM,Guatemala,Women,2002,0.522156307,0.010771970,0.191006752,0.048779325
GTM,Guatemala,Women,2003,0.529138506,0.011590117,0.196523820,0.051375254
GTM,Guatemala,Women,2004,0.536056840,0.012454236,0.202109285,0.054064358
GTM,Guatemala,Women,2005,0.542904214,0.013364572,0.207763074,0.056846367
GTM,Guatemala,Women,2006,0.549671434,0.014324701,0.213485135,0.059725705
GTM,Guatemala,Women,2007,0.556376942,0.015333054,0.219277723,0.062694578
GTM,Guatemala,Women,2008,0.563035528,0.016388935,0.225142258,0.065756099
GTM,Guatemala,Women,2009,0.569627391,0.017499169,0.231064705,0.068909819
GTM,Guatemala,Women,2010,0.576150682,0.018667107,0.237039740,0.072160244
GTM,Guatemala,Women,2011,0.582643580,0.019897477,0.243096170,0.075520427
GTM,Guatemala,Women,2012,0.589102343,0.021197602,0.249239599,0.078994086
GTM,Guatemala,Women,2013,0.595540852,0.022565213,0.255460736,0.082583233
GTM,Guatemala,Women,2014,0.601944231,0.024000939,0.261757116,0.086291427
GTM,Guatemala,Women,2015,0.608300010,0.025507749,0.268132195,0.090114323
GTM,Guatemala,Women,2016,0.614577101,0.027088285,0.274543197,0.094043015
HND,Honduras,Women,2000,0.494312902,0.009996347,0.177255839,0.044055860
HND,Honduras,Women,2001,0.501954437,0.010809288,0.182935625,0.046632243
HND,Honduras,Women,2002,0.509585583,0.011676386,0.188735121,0.049323518
HND,Honduras,Women,2003,0.517200526,0.012599109,0.194640900,0.052129233
HND,Honduras,Women,2004,0.524792012,0.013580322,0.200644913,0.055051812
HND,Honduras,Women,2005,0.532341604,0.014620391,0.206743683,0.058088088
HND,Honduras,Women,2006,0.539864394,0.015725708,0.212952289,0.061254364
HND,Honduras,Women,2007,0.547350187,0.016893014,0.219256135,0.064537642
HND,Honduras,Women,2008,0.554771817,0.018125621,0.225649900,0.067944042
HND,Honduras,Women,2009,0.562155275,0.019428621,0.232134793,0.071467651
HND,Honduras,Women,2010,0.569481019,0.020799776,0.238692342,0.075105047
HND,Honduras,Women,2011,0.576727214,0.022243168,0.245314190,0.078857906
HND,Honduras,Women,2012,0.583896348,0.023760529,0.251996567,0.082723934
HND,Honduras,Women,2013,0.590991109,0.025346835,0.258724526,0.086698423
HND,Honduras,Women,2014,0.597996571,0.027008261,0.265491637,0.090791002
HND,Honduras,Women,2015,0.604906654,0.028751912,0.272303251,0.095005967
HND,Honduras,Women,2016,0.611708317,0.030573312,0.279136861,0.099334827
MEX,Mexico,Women,2000,0.598518181,0.020776698,0.258738996,0.079726931
MEX,Mexico,Women,2001,0.603791075,0.021849813,0.263658691,0.082608655
MEX,Mexico,Women,2002,0.609008657,0.022961220,0.268602252,0.085546351
MEX,Mexico,Women,2003,0.614164330,0.024109959,0.273567273,0.088538840
MEX,Mexico,Women,2004,0.619260949,0.025292901,0.278547613,0.091580203
MEX,Mexico,Women,2005,0.624329104,0.026508484,0.283546122,0.094670433
MEX,Mexico,Women,2006,0.629331166,0.027759316,0.288573443,0.097818945
MEX,Mexico,Women,2007,0.634277628,0.029045656,0.293622058,0.101020079
MEX,Mexico,Women,2008,0.639161026,0.030370264,0.298688316,0.104274596
MEX,Mexico,Women,2009,0.643977258,0.031739475,0.303765754,0.107586475
MEX,Mexico,Women,2010,0.648736656,0.033150693,0.308855834,0.110945420
MEX,Mexico,Women,2011,0.653440714,0.034608502,0.313966221,0.114362069
MEX,Mexico,Women,2012,0.658107611,0.036113287,0.319104600,0.117843991
MEX,Mexico,Women,2013,0.662737575,0.037671757,0.324254193,0.121392362
MEX,Mexico,Women,2014,0.667319282,0.039282709,0.329428487,0.125011337
MEX,Mexico,Women,2015,0.671851340,0.040950744,0.334625865,0.128705420
MEX,Mexico,Women,2016,0.676290666,0.042671021,0.339817353,0.132470134
NIC,Nicaragua,Women,2000,0.537550563,0.015978216,0.211521959,0.061550861
NIC,Nicaragua,Women,2001,0.543743694,0.016984432,0.216728559,0.064330770
NIC,Nicaragua,Women,2002,0.549867332,0.018031971,0.221988029,0.067184630
NIC,Nicaragua,Women,2003,0.555923342,0.019122056,0.227287145,0.070114346
NIC,Nicaragua,Women,2004,0.561913843,0.020258859,0.232621493,0.073121641
NIC,Nicaragua,Women,2005,0.567839343,0.021439547,0.237985530,0.076195133
NIC,Nicaragua,Women,2006,0.573714024,0.022671115,0.243410056,0.079357478
NIC,Nicaragua,Women,2007,0.579540488,0.023951893,0.248890568,0.082601503
NIC,Nicaragua,Women,2008,0.585324661,0.025284991,0.254427899,0.085934524
NIC,Nicaragua,Women,2009,0.591068313,0.026675371,0.260024438,0.089354767
NIC,Nicaragua,Women,2010,0.596762305,0.028123255,0.265668234,0.092865900
NIC,Nicaragua,Women,2011,0.602426449,0.029635597,0.271370408,0.096472678
NIC,Nicaragua,Women,2012,0.608056371,0.031209615,0.277135103,0.100175264
NIC,Nicaragua,Women,2013,0.613672686,0.032851080,0.282968089,0.103982810
NIC,Nicaragua,Women,2014,0.619256253,0.034562819,0.288860023,0.107893404
NIC,Nicaragua,Women,2015,0.624785417,0.036343222,0.294810544,0.111908476
NIC,Nicaragua,Women,2016,0.630265720,0.038197147,0.300826353,0.116028853
PAN,Panama,Women,2000,0.538164550,0.014305274,0.199361394,0.054232000
PAN,Panama,Women,2001,0.545378588,0.015339207,0.205190915,0.057111144
PAN,Panama,Women,2002,0.552234016,0.016395065,0.210883783,0.059995465
PAN,Panama,Women,2003,0.558758224,0.017476047,0.216450564,0.062889250
PAN,Panama,Women,2004,0.565004203,0.018585567,0.221908027,0.065802508
PAN,Panama,Women,2005,0.571011042,0.019722073,0.227268480,0.068733122
PAN,Panama,Women,2006,0.576804870,0.020894042,0.232581954,0.071704970
PAN,Panama,Women,2007,0.582429011,0.022103270,0.237852360,0.074718251
PAN,Panama,Women,2008,0.587912740,0.023356834,0.243112926,0.077786986
PAN,Panama,Women,2009,0.593283730,0.024661317,0.248363606,0.080912785
PAN,Panama,Women,2010,0.598601022,0.026020273,0.253655183,0.084114482
PAN,Panama,Women,2011,0.603897496,0.027443332,0.259025638,0.087415637
PAN,Panama,Women,2012,0.609180998,0.028928661,0.264474578,0.090815749
PAN,Panama,Women,2013,0.614434695,0.030479007,0.269990292,0.094320125
PAN,Panama,Women,2014,0.619653403,0.032102355,0.275564123,0.097928194
PAN,Panama,Women,2015,0.624835343,0.033791124,0.281197388,0.101642850
PAN,Panama,Women,2016,0.629972189,0.035557009,0.286891407,0.105459086
SLV,El Salvador,Women,2000,0.536165415,0.010441658,0.204730992,0.052009315
SLV,El Salvador,Women,2001,0.544130794,0.011289509,0.211077197,0.054945140
SLV,El Salvador,Women,2002,0.551769944,0.012166504,0.217310600,0.057906281
SLV,El Salvador,Women,2003,0.559105281,0.013072069,0.223436569,0.060894095
SLV,El Salvador,Women,2004,0.566189557,0.014011003,0.229466268,0.063915683
SLV,El Salvador,Women,2005,0.573032633,0.014982902,0.235414604,0.066969104
SLV,El Salvador,Women,2006,0.579669273,0.015992740,0.241325476,0.070070378
SLV,El Salvador,Women,2007,0.586109969,0.017039505,0.247185953,0.073220094
SLV,El Salvador,Women,2008,0.592394570,0.018128511,0.253028911,0.076432390
SLV,El Salvador,Women,2009,0.598574952,0.019268495,0.258870313,0.079715387
SLV,El Salvador,Women,2010,0.604647735,0.020457817,0.264723796,0.083067239
SLV,El Salvador,Women,2011,0.610615309,0.021700537,0.270591630,0.086494118
SLV,El Salvador,Women,2012,0.616496006,0.022999749,0.276484364,0.090007157
SLV,El Salvador,Women,2013,0.622289451,0.024359025,0.282398981,0.093607719
SLV,El Salvador,Women,2014,0.628003819,0.025783834,0.288333646,0.097295388
SLV,El Salvador,Women,2015,0.633641222,0.027274058,0.294289090,0.101074576
SLV,El Salvador,Women,2016,0.639180846,0.028829064,0.300256680,0.104939617
ARG,Argentina,Women,2000,0.543970818,0.017854202,0.230745700,0.078013197
ARG,Argentina,Women,2001,0.548169886,0.018673835,0.234839677,0.080460728
ARG,Argentina,Women,2002,0.552348041,0.019516447,0.238983975,0.082962503
ARG,Argentina,Women,2003,0.556528627,0.020382379,0.243173122,0.085521211
ARG,Argentina,Women,2004,0.560708019,0.021274035,0.247402360,0.088134426
ARG,Argentina,Women,2005,0.564885962,0.022190706,0.251674773,0.090802180
ARG,Argentina,Women,2006,0.569056243,0.023135622,0.256019682,0.093543339
ARG,Argentina,Women,2007,0.573224976,0.024111464,0.260405075,0.096347312
ARG,Argentina,Women,2008,0.577380633,0.025118806,0.264821084,0.099204999
ARG,Argentina,Women,2009,0.581514779,0.026159937,0.269271703,0.102121375
ARG,Argentina,Women,2010,0.585627707,0.027234820,0.273745843,0.105098086
ARG,Argentina,Women,2011,0.589731069,0.028344621,0.278263290,0.108135212
ARG,Argentina,Women,2012,0.593825277,0.029490293,0.282808956,0.111230455
ARG,Argentina,Women,2013,0.597908090,0.030675741,0.287393832,0.114388638
ARG,Argentina,Women,2014,0.601983667,0.031900542,0.292012663,0.117612726
ARG,Argentina,Women,2015,0.606045730,0.033169073,0.296666003,0.120903171
ARG,Argentina,Women,2016,0.610079608,0.034489732,0.301351528,0.124260773
BRA,Brazil,Women,2000,0.484604506,0.011416555,0.185143318,0.055358830
BRA,Brazil,Women,2001,0.490776398,0.012156630,0.190200463,0.057938345
BRA,Brazil,Women,2002,0.496733298,0.012909666,0.195176554,0.060524791
BRA,Brazil,Women,2003,0.502506770,0.013677338,0.200090894,0.063125017
BRA,Brazil,Women,2004,0.508153694,0.014464414,0.204962936,0.065753179
BRA,Brazil,Women,2005,0.513697833,0.015271074,0.209801085,0.068410665
BRA,Brazil,Women,2006,0.519139033,0.016099456,0.214636637,0.071106499
BRA,Brazil,Women,2007,0.524515507,0.016952026,0.219465686,0.073848259
BRA,Brazil,Women,2008,0.529820238,0.017828298,0.224293258,0.076637080
BRA,Brazil,Women,2009,0.535081795,0.018737116,0.229146613,0.079488283
BRA,Brazil,Women,2010,0.540309395,0.019680325,0.234030611,0.082404676
BRA,Brazil,Women,2011,0.545526496,0.020658507,0.238978675,0.085398554
BRA,Brazil,Women,2012,0.550717065,0.021669946,0.243964082,0.088456221
BRA,Brazil,Women,2013,0.555876755,0.022719487,0.249003851,0.091583546
BRA,Brazil,Women,2014,0.561021373,0.023811712,0.254088484,0.094783891
BRA,Brazil,Women,2015,0.566129477,0.024947930,0.259208470,0.098065068
BRA,Brazil,Women,2016,0.571176104,0.026123432,0.264350718,0.101411348
CHL,Chile,Women,2000,0.561932643,0.021850422,0.247335097,0.080104066
CHL,Chile,Women,2001,0.566547815,0.022843687,0.251833236,0.082761298
CHL,Chile,Women,2002,0.571113398,0.023858858,0.256353884,0.085464669
CHL,Chile,Women,2003,0.575637379,0.024901121,0.260905984,0.088226271
CHL,Chile,Women,2004,0.580124952,0.025974316,0.265471487,0.091040172
CHL,Chile,Women,2005,0.584554153,0.027072145,0.270041380,0.093900790
CHL,Chile,Women,2006,0.588929112,0.028198692,0.274640910,0.096812638
CHL,Chile,Women,2007,0.593268949,0.029352010,0.279247133,0.099774863
CHL,Chile,Women,2008,0.597562164,0.030533961,0.283864123,0.102787970
CHL,Chile,Women,2009,0.601814764,0.031744580,0.288497833,0.105855786
CHL,Chile,Women,2010,0.606022445,0.032986789,0.293134957,0.108976433
CHL,Chile,Women,2011,0.610185826,0.034259322,0.297784299,0.112148755
CHL,Chile,Women,2012,0.614299862,0.035565484,0.302449263,0.115382991
CHL,Chile,Women,2013,0.618383560,0.036910584,0.307131350,0.118671687
CHL,Chile,Women,2014,0.622434378,0.038291452,0.311817516,0.122007565
CHL,Chile,Women,2015,0.626448375,0.039718910,0.316531063,0.125420145
CHL,Chile,Women,2016,0.630425161,0.041190567,0.321262250,0.128897177
PRY,Paraguay,Women,2000,0.445868840,0.010918021,0.157346956,0.045134725
PRY,Paraguay,Women,2001,0.453046194,0.011742213,0.162646821,0.047690786
PRY,Paraguay,Women,2002,0.460083140,0.012601335,0.167952429,0.050305362
PRY,Paraguay,Women,2003,0.467008010,0.013493478,0.173276841,0.052984008
PRY,Paraguay,Women,2004,0.473830811,0.014421444,0.178623710,0.055727717
PRY,Paraguay,Women,2005,0.480565216,0.015385680,0.183991218,0.058542743
PRY,Paraguay,Women,2006,0.487129165,0.016380776,0.189336714,0.061410460
PRY,Paraguay,Women,2007,0.493560294,0.017407919,0.194659217,0.064331224
PRY,Paraguay,Women,2008,0.499859152,0.018470641,0.199963439,0.067307046
PRY,Paraguay,Women,2009,0.506061065,0.019571964,0.205275340,0.070346443
PRY,Paraguay,Women,2010,0.512183942,0.020715128,0.210603406,0.073457177
PRY,Paraguay,Women,2011,0.518282665,0.021907269,0.215990230,0.076658973
PRY,Paraguay,Women,2012,0.524336768,0.023149373,0.221424263,0.079950105
PRY,Paraguay,Women,2013,0.530374347,0.024443854,0.226932163,0.083336142
PRY,Paraguay,Women,2014,0.536407190,0.025791354,0.232511509,0.086814249
PRY,Paraguay,Women,2015,0.542418428,0.027202480,0.238164605,0.090399788
PRY,Paraguay,Women,2016,0.548425465,0.028676079,0.243914243,0.094095869
URY,Uruguay,Women,2000,0.559030644,0.027191661,0.247035511,0.088535350
URY,Uruguay,Women,2001,0.563401399,0.028288380,0.251347188,0.091226115
URY,Uruguay,Women,2002,0.567735083,0.029401047,0.255669966,0.093943606
URY,Uruguay,Women,2003,0.572036026,0.030533333,0.260007629,0.096696812
URY,Uruguay,Women,2004,0.576321456,0.031687372,0.264350970,0.099488668
URY,Uruguay,Women,2005,0.580587005,0.032860250,0.268723682,0.102316647
URY,Uruguay,Women,2006,0.584812474,0.034057097,0.273117132,0.105184646
URY,Uruguay,Women,2007,0.589021201,0.035275045,0.277520785,0.108092189
URY,Uruguay,Women,2008,0.593197541,0.036520020,0.281938396,0.111041628
URY,Uruguay,Women,2009,0.597351492,0.037789429,0.286386540,0.114033528
URY,Uruguay,Women,2010,0.601469895,0.039088678,0.290846267,0.117062578
URY,Uruguay,Women,2011,0.605558528,0.040409361,0.295324644,0.120132043
URY,Uruguay,Women,2012,0.609597513,0.041758203,0.299810830,0.123238524
URY,Uruguay,Women,2013,0.613610013,0.043134626,0.304313959,0.126387997
URY,Uruguay,Women,2014,0.617615736,0.044545884,0.308852020,0.129592099
URY,Uruguay,Women,2015,0.621592892,0.046001781,0.313421449,0.132873073
URY,Uruguay,Women,2016,0.625523933,0.047499509,0.318004323,0.136199955
BMU,Bermuda,Women,2000,0.686975445,0.061882888,0.374452235,0.165268188
BMU,Bermuda,Women,2001,0.689910644,0.063303342,0.377957414,0.168119390
BMU,Bermuda,Women,2002,0.692841144,0.064747527,0.381487522,0.171011011
BMU,Bermuda,Women,2003,0.695757779,0.066211370,0.385018875,0.173942144
BMU,Bermuda,Women,2004,0.698664557,0.067695424,0.388540238,0.176902292
BMU,Bermuda,Women,2005,0.701552968,0.069198789,0.392059642,0.179900485
BMU,Bermuda,Women,2006,0.704431403,0.070729671,0.395599292,0.182940039
BMU,Bermuda,Women,2007,0.707294763,0.072278497,0.399142823,0.186010302
BMU,Bermuda,Women,2008,0.710126086,0.073839429,0.402680662,0.189112199
BMU,Bermuda,Women,2009,0.712953984,0.075430412,0.406235503,0.192254666
BMU,Bermuda,Women,2010,0.715762439,0.077049553,0.409820352,0.195440467
BMU,Bermuda,Women,2011,0.718563500,0.078696435,0.413437125,0.198669797
BMU,Bermuda,Women,2012,0.721335632,0.080374812,0.417067435,0.201956598
BMU,Bermuda,Women,2013,0.724086404,0.082071190,0.420696268,0.205267299
BMU,Bermuda,Women,2014,0.726818480,0.083799479,0.424340298,0.208616533
BMU,Bermuda,Women,2015,0.729524151,0.085565993,0.428008404,0.212018840
BMU,Bermuda,Women,2016,0.732199242,0.087370894,0.431687502,0.215458493
CAN,Canada,Women,2000,0.513304245,0.026425482,0.217883010,0.079012471
CAN,Canada,Women,2001,0.519695027,0.027946209,0.223559502,0.082473535
CAN,Canada,Women,2002,0.525902444,0.029485507,0.229160688,0.085931241
CAN,Canada,Women,2003,0.531927133,0.031043570,0.234693523,0.089392120
CAN,Canada,Women,2004,0.537777613,0.032614324,0.240145759,0.092843028
CAN,Canada,Women,2005,0.543465923,0.034203587,0.245524233,0.096288203
CAN,Canada,Women,2006,0.549030362,0.035811127,0.250863887,0.099752025
CAN,Canada,Women,2007,0.554496808,0.037443405,0.256162065,0.103229040
CAN,Canada,Women,2008,0.559865681,0.039100764,0.261436154,0.106734346
CAN,Canada,Women,2009,0.565168081,0.040784456,0.266716604,0.110269176
CAN,Canada,Women,2010,0.570405160,0.042497745,0.271990298,0.113829355
CAN,Canada,Women,2011,0.575614253,0.044258010,0.277293510,0.117447400
CAN,Canada,Women,2012,0.580788585,0.046063511,0.282629993,0.121128370
CAN,Canada,Women,2013,0.585937122,0.047919470,0.288000943,0.124876522
CAN,Canada,Women,2014,0.591074314,0.049828097,0.293443484,0.128707963
CAN,Canada,Women,2015,0.596181538,0.051780396,0.298919895,0.132599665
CAN,Canada,Women,2016,0.601263427,0.053791201,0.304442413,0.136568580
USA,United States of America,Women,2000,0.551642521,0.055962270,0.278757092,0.128426060
USA,United States of America,Women,2001,0.558922207,0.058681310,0.285879569,0.133530848
USA,United States of America,Women,2002,0.565950760,0.061407962,0.292857521,0.138585551
USA,United States of America,Women,2003,0.572746682,0.064134351,0.299708733,0.143604193
USA,United States of America,Women,2004,0.579312518,0.066846809,0.306411742,0.148563632
USA,United States of America,Women,2005,0.585671318,0.069561412,0.312997336,0.153478688
USA,United States of America,Women,2006,0.591845791,0.072276162,0.319473783,0.158363284
USA,United States of America,Women,2007,0.597872724,0.075010580,0.325862886,0.163233839
USA,United States of America,Women,2008,0.603748788,0.077756419,0.332174564,0.168090533
USA,United States of America,Women,2009,0.609510904,0.080510452,0.338432130,0.172940126
USA,United States of America,Women,2010,0.615174121,0.083282066,0.344648011,0.177796458
USA,United States of America,Women,2011,0.620772238,0.086100713,0.350848165,0.182683380
USA,United States of America,Women,2012,0.626290851,0.088955913,0.357014794,0.187592931
USA,United States of America,Women,2013,0.631741658,0.091849718,0.363170379,0.192545420
USA,United States of America,Women,2014,0.637132425,0.094778033,0.369330012,0.197537616
USA,United States of America,Women,2015,0.642460617,0.097732339,0.375474907,0.202552575
USA,United States of America,Women,2016,0.647745901,0.100732078,0.381627333,0.207616313
